date,entry_time,exit_time,direction,entry,exit,so,stop_level,band_upper,band_lower,atr14,n,pnl,equity,reason,period
2019-06-03,10:05,15:25,SHORT,7053.0,6958.0,7115.25,7115.25,7177.8,7052.7,125.11,3,568.14,20568.14,EOD,IS
2019-06-04,11:35,15:25,LONG,7129.0,7153.75,7051.75,7051.75,7110.85,6992.65,118.2,3,146.64,20714.78,EOD,IS
2019-06-05,10:35,15:25,SHORT,7175.5,7211.75,7239.75,7239.75,7301.3,7178.2,123.11,1,-73.12,20641.66,EOD,IS
2019-06-07,10:05,15:25,LONG,7376.5,7431.25,7318.5,7318.5,7375.84,7261.16,114.68,1,108.88,20750.54,EOD,IS
2019-06-10,10:20,15:25,LONG,7533.75,7514.5,7469.5,7469.5,7528.95,7410.05,118.89,1,-39.12,20711.42,EOD,IS
2019-06-11,11:40,15:25,SHORT,7518.75,7518.5,7587.5,7587.5,7647.11,7527.89,119.21,3,-0.36,20711.06,EOD,IS
2019-06-25,13:05,15:25,SHORT,7664.0,7624.5,7749.0,7749.0,7812.17,7685.83,126.34,2,156.76,20867.82,EOD,IS
2019-07-01,13:05,15:25,SHORT,7779.5,7786.25,7838.0,7838.0,7896.08,7779.92,116.16,1,-14.12,20853.7,EOD,IS
2019-07-09,10:55,15:25,LONG,7818.5,7834.75,7771.25,7771.25,7823.46,7719.04,104.43,3,95.64,20949.34,EOD,IS
2019-07-16,12:20,15:25,SHORT,7937.5,7950.5,7978.0,7978.0,8026.21,7929.79,96.41,3,-79.86,20869.48,EOD,IS
2019-07-23,10:20,14:00,SHORT,7921.5,7953.75,7961.75,7961.75,8002.31,7921.19,81.12,4,-260.48,20609.0,STOP,IS
2019-08-01,09:50,13:40,LONG,7921.25,7871.0,7871.25,7871.25,7913.62,7828.88,84.73,3,-303.36,20305.64,STOP,IS
2019-08-01,14:45,15:25,SHORT,7824.5,7827.25,7871.25,7871.25,7913.62,7828.88,84.73,3,-18.36,20287.28,EOD,IS
2019-08-02,10:20,15:25,SHORT,7701.5,7700.75,7758.5,7758.5,7807.67,7709.33,98.34,3,2.64,20289.92,EOD,IS
2019-08-05,10:50,15:25,SHORT,7477.25,7398.0,7539.5,7539.5,7593.38,7485.62,107.75,5,789.4,21079.32,EOD,IS
2019-08-07,13:45,15:25,LONG,7542.0,7561.25,7446.5,7446.5,7512.8,7380.2,132.61,1,37.88,21117.2,EOD,IS
2019-08-08,11:45,15:25,LONG,7678.0,7704.5,7601.5,7601.5,7671.46,7531.54,139.93,1,52.38,21169.58,EOD,IS
2019-08-09,11:40,13:35,SHORT,7611.25,7682.75,7692.25,7692.25,7763.94,7620.56,143.38,1,-143.62,21025.96,STOP,IS
2019-08-13,10:05,15:25,LONG,7739.25,7742.25,7566.75,7566.75,7642.42,7491.08,151.34,2,10.76,21036.72,EOD,IS
2019-08-14,12:10,15:25,SHORT,7522.25,7515.0,7607.75,7607.75,7688.62,7526.88,161.75,2,27.76,21064.48,EOD,IS
2019-08-22,11:05,15:25,SHORT,7682.75,7722.25,7753.5,7753.5,7834.56,7672.44,162.12,2,-159.24,20905.24,EOD,IS
2019-08-23,11:40,15:25,SHORT,7557.25,7482.5,7663.25,7663.25,7742.79,7583.71,159.07,2,297.76,21203.0,EOD,IS
2019-08-27,13:05,15:25,SHORT,7551.75,7571.75,7633.75,7633.75,7710.71,7556.79,153.91,1,-40.62,21162.38,EOD,IS
2019-08-30,11:25,15:25,SHORT,7660.5,7674.5,7749.5,7749.5,7821.14,7677.86,143.29,1,-28.62,21133.76,EOD,IS
2019-09-05,10:20,15:25,LONG,7873.25,7869.25,7807.25,7807.25,7868.84,7745.66,123.18,2,-17.24,21116.52,EOD,IS
2019-09-09,12:50,15:25,SHORT,7827.5,7824.5,7879.5,7879.5,7939.86,7819.14,120.71,2,10.76,21127.28,EOD,IS
2019-09-24,11:05,15:25,SHORT,7830.0,7723.25,7877.0,7877.0,7922.86,7831.14,91.71,5,1064.4,22191.68,EOD,IS
2019-09-25,14:20,15:25,LONG,7796.5,7827.75,7727.5,7727.5,7776.58,7678.42,98.16,4,247.52,22439.2,EOD,IS
2019-09-26,11:05,15:25,SHORT,7757.5,7803.75,7813.75,7813.75,7864.4,7763.1,101.3,3,-279.36,22159.84,EOD,IS
2019-09-27,10:05,15:25,SHORT,7752.75,7669.25,7805.25,7805.25,7855.31,7755.19,100.12,3,499.14,22658.98,EOD,IS
2019-09-30,12:50,15:25,LONG,7774.75,7762.0,7723.0,7723.0,7775.49,7670.51,104.98,3,-78.36,22580.62,EOD,IS
2019-10-01,11:05,15:25,SHORT,7750.25,7723.25,7797.75,7797.75,7849.09,7746.41,102.68,2,106.76,22687.38,EOD,IS
2019-10-02,10:05,15:25,SHORT,7604.25,7573.75,7652.0,7652.0,7702.9,7601.1,101.8,3,181.14,22868.52,EOD,IS
2019-10-03,10:20,11:00,SHORT,7520.25,7567.75,7567.5,7567.5,7623.21,7511.79,111.43,3,-286.86,22581.66,STOP,IS
2019-10-03,12:50,15:25,LONG,7627.5,7632.25,7567.5,7567.5,7623.21,7511.79,111.43,3,26.64,22608.3,EOD,IS
2019-10-04,14:25,15:25,LONG,7749.0,7751.5,7688.25,7688.25,7747.36,7629.14,118.21,2,8.76,22617.06,EOD,IS
2019-10-10,11:15,15:25,LONG,7783.0,7753.75,7696.75,7696.75,7760.11,7633.39,126.71,2,-118.24,22498.82,EOD,IS
2019-10-11,15:20,15:25,LONG,7908.5,7907.75,7843.0,7843.0,7907.61,7778.39,129.21,2,-4.24,22494.58,EOD,IS
2019-10-15,11:00,15:25,LONG,7948.5,7962.75,7875.5,7875.5,7938.57,7812.43,126.14,2,55.76,22550.34,EOD,IS
2019-10-18,12:30,15:25,SHORT,7849.0,7898.75,7942.75,7942.75,7998.4,7887.1,111.3,4,-400.48,22149.86,EOD,IS
2019-10-22,14:35,15:25,SHORT,7918.5,7905.0,7973.0,7973.0,8027.41,7918.59,108.82,3,79.14,22229.0,EOD,IS
2019-10-25,10:25,15:25,LONG,7992.25,8028.5,7930.0,7930.0,7975.74,7884.26,91.48,3,215.64,22444.64,EOD,IS
2019-10-31,10:35,15:25,SHORT,8056.0,8070.5,8113.0,8113.0,8156.75,8069.25,87.5,4,-118.48,22326.16,EOD,IS
2019-12-26,14:15,15:25,LONG,8790.25,8783.0,8740.25,8740.25,8788.21,8692.29,95.93,3,-45.36,22280.8,EOD,IS
2019-12-30,09:50,15:25,SHORT,8723.75,8740.25,8787.25,8787.25,8835.55,8738.95,96.61,3,-100.86,22179.94,EOD,IS
2020-01-03,09:50,15:25,LONG,8821.75,8828.0,8772.0,8772.0,8817.77,8726.23,91.54,3,35.64,22215.58,EOD,IS
2020-01-06,10:05,15:25,LONG,8798.25,8843.25,8739.0,8739.0,8786.79,8691.21,95.57,3,268.14,22483.72,EOD,IS
2020-01-08,11:55,15:25,LONG,8926.25,8969.75,8861.0,8861.0,8910.26,8811.74,98.52,3,259.14,22742.86,EOD,IS
2020-01-10,15:20,15:25,SHORT,8986.25,8986.75,9038.25,9038.25,9090.83,8985.67,105.16,4,-6.48,22736.38,EOD,IS
2020-01-13,14:35,15:25,LONG,9076.0,9066.5,9017.25,9017.25,9070.68,8963.82,106.86,5,-98.1,22638.28,EOD,IS
2020-01-28,11:35,15:25,LONG,9088.25,9118.0,9023.75,9023.75,9071.36,8976.14,95.21,3,176.64,22814.92,EOD,IS
2020-01-29,10:05,14:00,SHORT,9081.0,9149.25,9149.0,9149.0,9200.34,9097.66,102.68,2,-274.24,22540.68,STOP,IS
2020-01-30,09:50,10:40,LONG,9097.0,9051.5,9051.75,9051.75,9101.73,9001.77,99.96,2,-183.24,22357.44,STOP,IS
2020-01-30,15:05,15:25,LONG,9094.5,9113.5,9051.75,9051.75,9101.73,9001.77,99.96,2,74.76,22432.2,EOD,IS
2020-01-31,09:55,15:25,SHORT,9128.5,8992.5,9181.75,9181.75,9232.86,9130.64,102.21,2,542.76,22974.96,EOD,IS
2020-02-03,10:05,15:25,LONG,9133.25,9143.5,9041.5,9041.5,9097.71,8985.29,112.43,2,39.76,23014.72,EOD,IS
2020-02-04,11:40,15:25,LONG,9319.25,9356.0,9258.0,9258.0,9316.26,9199.74,116.52,2,145.76,23160.48,EOD,IS
2020-02-05,10:20,15:25,SHORT,9376.5,9378.75,9457.0,9457.0,9521.27,9392.73,128.54,2,-10.24,23150.24,EOD,IS
2020-02-10,10:20,15:25,LONG,9457.25,9508.25,9380.0,9380.0,9447.57,9312.43,135.14,3,304.14,23454.38,EOD,IS
2020-02-11,15:20,15:25,SHORT,9521.5,9522.25,9576.75,9576.75,9647.9,9505.6,142.3,3,-6.36,23448.02,EOD,IS
2020-02-13,11:35,15:25,LONG,9624.25,9614.75,9549.75,9549.75,9622.71,9476.79,145.93,4,-78.48,23369.54,EOD,IS
2020-02-20,11:50,15:25,SHORT,9597.0,9622.75,9705.0,9705.0,9767.48,9642.52,124.96,5,-260.6,23108.94,EOD,IS
2020-02-21,09:50,15:25,SHORT,9507.75,9426.5,9589.75,9589.75,9655.38,9524.12,131.25,4,647.52,23756.46,EOD,IS
2020-02-24,09:55,11:45,LONG,9184.0,9104.0,9104.25,9104.25,9170.02,9038.48,131.54,3,-481.86,23274.6,STOP,IS
2020-02-24,15:05,15:25,LONG,9173.5,9142.75,9104.25,9104.25,9170.02,9038.48,131.54,3,-186.36,23088.24,EOD,IS
2020-02-25,10:35,15:25,SHORT,9048.0,8859.75,9159.25,9159.25,9233.95,9084.55,149.39,2,751.76,23840.0,EOD,IS
2020-02-26,09:50,12:10,LONG,8970.75,8898.5,8890.25,8890.25,8970.39,8810.11,160.29,2,-290.24,23549.76,STOP,IS
2020-02-27,10:35,10:55,SHORT,8581.5,8657.75,8657.5,8657.5,8740.57,8574.43,166.14,2,-306.24,23243.52,STOP,IS
2020-02-27,12:20,13:40,LONG,8696.75,8657.25,8657.5,8657.5,8740.57,8574.43,166.14,2,-159.24,23084.28,STOP,IS
2020-03-02,10:35,10:45,SHORT,8519.5,8564.25,8564.0,8564.0,8659.78,8468.22,191.55,1,-90.12,22994.16,STOP,IS
2020-03-02,12:00,15:25,LONG,8721.5,8703.5,8564.0,8564.0,8659.78,8468.22,191.55,1,-36.62,22957.54,EOD,IS
2020-03-03,11:35,15:25,SHORT,8795.0,8699.75,8901.25,8901.25,9010.19,8792.31,217.88,1,189.88,23147.42,EOD,IS
2020-03-05,11:20,12:40,LONG,8837.25,8716.5,8716.75,8716.75,8846.77,8586.73,260.04,1,-242.12,22905.3,STOP,IS
2020-03-06,10:50,12:30,LONG,8522.5,8429.0,8384.75,8384.75,8523.12,8246.38,276.73,1,-187.62,22717.68,STOP,IS
2020-03-10,11:35,15:05,SHORT,7969.5,8220.25,8237.0,8237.0,8384.27,8089.73,294.54,1,-502.12,22215.56,STOP,IS
2020-03-11,14:30,15:25,SHORT,7983.75,7952.5,8163.75,8163.75,8330.41,7997.09,333.32,1,61.88,22277.44,EOD,IS
2020-03-13,11:05,15:25,SHORT,7507.75,7555.25,7696.25,7696.25,7876.97,7515.53,361.45,1,-95.62,22181.82,EOD,IS
2020-03-17,11:20,15:25,LONG,7327.25,7337.75,7182.0,7182.0,7383.98,6980.02,403.96,1,20.38,22202.2,EOD,IS
2020-03-19,11:50,15:25,LONG,7414.75,7442.0,7198.5,7198.5,7428.58,6968.42,460.16,1,53.88,22256.08,EOD,IS
2020-04-14,13:35,15:25,LONG,8664.5,8674.5,8486.75,8486.75,8647.59,8325.91,321.68,1,19.38,22275.46,EOD,IS
2020-04-17,14:40,15:25,SHORT,8706.25,8759.5,8848.0,8848.0,8988.32,8707.68,280.64,1,-107.12,22168.34,EOD,IS
2020-04-21,11:00,15:25,SHORT,8394.25,8446.25,8631.25,8631.25,8760.79,8501.71,259.09,1,-104.62,22063.72,EOD,IS
2020-04-28,10:25,15:25,SHORT,8776.0,8724.75,8903.5,8903.5,9015.37,8791.63,223.73,1,101.88,22165.6,EOD,IS
2020-04-29,15:05,15:25,LONG,8983.0,9006.25,8860.0,8860.0,8971.26,8748.74,222.52,1,45.88,22211.48,EOD,IS
2020-05-11,12:35,15:25,LONG,9275.0,9315.75,9157.5,9157.5,9265.0,9050.0,215.0,2,161.76,22373.24,EOD,IS
2020-05-13,11:55,15:25,SHORT,8995.5,8917.75,9122.25,9122.25,9221.1,9023.4,197.7,2,309.76,22683.0,EOD,IS
2020-05-15,13:15,15:25,LONG,9080.5,9116.5,8961.25,8961.25,9066.02,8856.48,209.54,2,142.76,22825.76,EOD,IS
2020-05-21,11:25,15:25,SHORT,9382.25,9400.0,9483.5,9483.5,9585.96,9381.04,204.91,3,-108.36,22717.4,EOD,IS
2020-05-26,11:45,15:25,SHORT,9426.25,9424.5,9558.75,9558.75,9652.88,9464.62,188.27,2,5.76,22723.16,EOD,IS
2020-05-27,10:50,14:00,SHORT,9214.25,9361.25,9361.0,9361.0,9454.96,9267.04,187.91,2,-589.24,22133.92,STOP,IS
2020-05-28,10:50,15:25,LONG,9485.5,9466.0,9382.75,9382.75,9481.29,9284.21,197.09,2,-79.24,22054.68,EOD,IS
2020-06-05,09:55,15:25,LONG,9757.0,9840.5,9670.5,9670.5,9754.93,9586.07,168.86,4,665.52,22720.2,EOD,IS
2020-06-09,11:05,15:25,LONG,9968.5,9994.75,9857.75,9857.75,9940.49,9775.01,165.48,3,155.64,22875.84,EOD,IS
2020-06-10,14:20,15:25,LONG,10130.0,10150.5,10038.25,10038.25,10121.96,9954.54,167.41,3,121.14,22996.98,EOD,IS
2020-06-11,12:20,15:25,SHORT,9795.5,9613.5,9926.75,9926.75,10009.96,9843.54,166.43,3,1090.14,24087.12,EOD,IS
2020-06-12,11:05,15:25,SHORT,9665.25,9581.75,9795.75,9795.75,9891.44,9700.06,191.38,1,166.38,24253.5,EOD,IS
2020-06-15,10:20,15:25,LONG,9604.25,9754.25,9522.75,9522.75,9627.54,9417.96,209.59,1,299.38,24552.88,EOD,IS
2020-06-16,11:05,15:25,SHORT,9903.5,9920.75,9987.0,9987.0,10096.45,9877.55,218.89,1,-35.12,24517.76,EOD,IS
2020-06-22,12:50,15:25,LONG,10089.5,10078.0,9990.5,9990.5,10096.39,9884.61,211.79,1,-23.62,24494.14,EOD,IS
2020-06-23,13:50,15:25,LONG,10283.5,10212.0,10181.25,10181.25,10285.21,10077.29,207.91,3,-430.86,24063.28,EOD,IS
2020-06-24,11:25,15:25,SHORT,10022.75,10008.25,10167.25,10167.25,10274.08,10060.42,213.66,3,85.14,24148.42,EOD,IS
2020-06-26,10:25,15:25,SHORT,9927.5,9879.0,10072.75,10072.75,10189.16,9956.34,232.82,2,192.76,24341.18,EOD,IS
2020-07-01,15:10,15:25,LONG,10277.25,10289.25,10148.75,10148.75,10268.64,10028.86,239.79,2,46.76,24387.94,EOD,IS
2020-07-06,11:45,15:25,LONG,10608.25,10566.75,10470.0,10470.0,10597.26,10342.74,254.52,2,-167.24,24220.7,EOD,IS
2020-07-09,11:05,14:55,SHORT,10612.0,10734.25,10734.0,10734.0,10845.62,10622.38,223.25,2,-490.24,23730.46,STOP,IS
2020-07-13,11:20,14:00,LONG,11046.0,10937.25,10937.5,10937.5,11043.92,10831.08,212.84,3,-654.36,23076.1,STOP,IS
2020-07-13,14:35,15:25,SHORT,10830.25,10703.75,10937.5,10937.5,11043.92,10831.08,212.84,3,757.14,23833.24,EOD,IS
2020-07-14,14:25,15:25,LONG,10621.25,10601.5,10492.75,10492.75,10612.85,10372.65,240.2,2,-80.24,23753.0,EOD,IS
2020-07-15,12:05,15:25,SHORT,10574.25,10681.25,10724.75,10724.75,10851.48,10598.02,253.46,2,-429.24,23323.76,EOD,IS
2020-07-20,11:40,15:25,LONG,10801.5,10926.75,10659.75,10659.75,10781.85,10537.65,244.2,3,749.64,24073.4,EOD,IS
2020-07-21,11:55,15:25,SHORT,10849.0,10831.75,11001.25,11001.25,11126.74,10875.76,250.98,2,67.76,24141.16,EOD,IS
2020-07-23,12:40,15:25,SHORT,10690.25,10561.25,10842.75,10842.75,10960.18,10725.32,234.86,2,514.76,24655.92,EOD,IS
2020-07-30,12:20,15:25,LONG,10687.75,10724.75,10566.5,10566.5,10689.62,10443.38,246.25,2,146.76,24802.68,EOD,IS
2020-07-31,10:20,15:25,SHORT,10752.5,10839.25,10895.5,10895.5,11018.91,10772.09,246.82,2,-348.24,24454.44,EOD,IS
2020-08-06,14:10,15:25,LONG,11215.75,11256.0,11098.75,11098.75,11196.92,11000.58,196.34,3,239.64,24694.08,EOD,IS
2020-08-07,13:20,15:25,SHORT,11088.25,11085.5,11233.25,11233.25,11333.81,11132.69,201.12,3,14.64,24708.72,EOD,IS
2020-08-10,11:00,15:25,SHORT,10970.5,11052.75,11137.75,11137.75,11233.82,11041.68,192.14,3,-495.36,24213.36,EOD,IS
2020-08-12,10:05,15:25,LONG,11056.0,11156.0,10957.75,10957.75,11057.43,10858.07,199.36,2,398.76,24612.12,EOD,IS
2020-08-20,11:00,15:25,LONG,11391.75,11464.0,11284.25,11284.25,11370.82,11197.68,173.14,4,575.52,25187.64,EOD,IS
2020-08-24,10:55,15:25,SHORT,11547.25,11592.5,11687.25,11687.25,11772.49,11602.01,170.48,4,-364.48,24823.16,EOD,IS
2020-08-25,11:20,15:25,LONG,11675.75,11710.25,11591.0,11591.0,11679.72,11502.28,177.45,4,273.52,25096.68,EOD,IS
2020-08-26,11:45,15:25,LONG,11883.5,11950.5,11768.75,11768.75,11860.36,11677.14,183.21,4,533.52,25630.2,EOD,IS
2020-08-27,12:55,15:25,SHORT,11869.5,11974.75,12013.5,12013.5,12107.29,11919.71,187.57,4,-844.48,24785.72,EOD,IS
2020-08-31,13:25,15:25,LONG,12122.0,12137.25,12017.5,12017.5,12106.05,11928.95,177.11,4,119.52,24905.24,EOD,IS
2020-09-02,10:10,15:25,SHORT,12309.25,12411.5,12432.25,12432.25,12514.63,12349.87,164.77,3,-615.36,24289.88,EOD,IS
2020-09-03,10:25,15:25,SHORT,12060.75,11662.5,12224.5,12224.5,12311.41,12137.59,173.82,4,3183.52,27473.4,EOD,IS
2020-09-04,10:20,15:20,SHORT,11405.25,11714.25,11714.0,11714.0,11823.83,11604.17,219.66,1,-618.62,26854.78,STOP,IS
2020-09-08,10:30,14:35,LONG,11340.0,11157.75,11158.0,11158.0,11287.87,11028.13,259.73,1,-365.12,26489.66,STOP,IS
2020-09-09,13:10,15:25,LONG,11464.0,11461.75,11293.5,11293.5,11438.4,11148.6,289.8,1,-5.12,26484.54,EOD,IS
2020-09-10,12:50,15:25,SHORT,11371.5,11141.75,11518.0,11518.0,11672.59,11363.41,309.18,1,458.88,26943.42,EOD,IS
2020-09-11,12:45,15:25,SHORT,11063.0,11099.75,11244.75,11244.75,11408.24,11081.26,326.98,1,-74.12,26869.3,EOD,IS
2020-09-23,14:10,15:25,SHORT,10936.75,10850.0,11153.0,11153.0,11349.17,10956.83,392.34,2,345.76,27215.06,EOD,IS
2020-09-24,11:35,15:25,LONG,10931.5,10828.5,10719.5,10719.5,10921.77,10517.23,404.54,2,-413.24,26801.82,EOD,IS
2020-09-25,15:10,15:25,LONG,11136.25,11144.75,10895.0,10895.0,11098.85,10691.15,407.7,2,32.76,26834.58,EOD,IS
2020-09-30,11:55,15:25,LONG,11489.5,11379.75,11320.0,11320.0,11475.31,11164.69,310.62,2,-440.24,26394.34,EOD,IS
2020-10-02,10:20,11:40,LONG,11438.5,11322.5,11316.75,11316.75,11454.97,11178.53,276.45,3,-697.86,25696.48,STOP,IS
2020-10-05,15:20,15:25,LONG,11479.0,11487.5,11325.25,11325.25,11464.36,11186.14,278.21,2,32.76,25729.24,EOD,IS
2020-10-12,12:35,15:25,LONG,12082.5,12115.75,11912.5,11912.5,12035.52,11789.48,246.04,2,131.76,25861.0,EOD,IS
2020-10-14,12:25,15:25,SHORT,11933.75,12001.25,12111.0,12111.0,12234.01,11987.99,246.02,3,-406.86,25454.14,EOD,IS
2020-10-15,15:20,15:25,LONG,11894.75,11903.25,11775.5,11775.5,11896.49,11654.51,241.98,2,32.76,25486.9,EOD,IS
2020-10-19,10:55,15:25,SHORT,11799.0,11621.75,11909.5,11909.5,12025.94,11793.06,232.88,2,707.76,26194.66,EOD,IS
2020-10-22,10:35,15:25,SHORT,11560.5,11664.5,11686.75,11686.75,11810.09,11563.41,246.68,3,-625.86,25568.8,EOD,IS
2020-10-23,11:50,15:25,SHORT,11564.0,11643.5,11677.75,11677.75,11795.55,11559.95,235.61,3,-478.86,25089.94,EOD,IS
2020-10-26,11:35,15:25,SHORT,11481.0,11458.5,11576.25,11576.25,11689.68,11462.82,226.86,3,133.14,25223.08,EOD,IS
2020-10-28,10:05,15:25,SHORT,11288.0,11240.0,11400.5,11400.5,11512.91,11288.09,224.82,3,286.14,25509.22,EOD,IS
2020-10-29,11:30,15:25,LONG,11317.0,11418.0,11189.5,11189.5,11314.93,11064.07,250.86,2,402.76,25911.98,EOD,IS
2020-10-30,10:35,15:25,SHORT,11061.75,10974.25,11246.25,11246.25,11376.78,11115.72,261.05,1,174.38,26086.36,EOD,IS
2020-11-02,13:20,15:25,SHORT,10984.25,11036.25,11140.0,11140.0,11266.79,11013.21,253.57,1,-104.62,25981.74,EOD,IS
2020-11-03,10:25,15:25,LONG,11302.0,11293.75,11143.75,11143.75,11274.33,11013.17,261.16,1,-17.12,25964.62,EOD,IS
2020-11-04,10:35,15:25,LONG,11725.5,11741.5,11628.0,11628.0,11759.54,11496.46,263.09,1,31.38,25996.0,EOD,IS
2020-11-09,14:25,15:25,SHORT,12003.5,11964.25,12191.25,12191.25,12335.76,12046.74,289.02,2,155.76,26151.76,EOD,IS
2020-11-11,14:10,15:25,LONG,11882.75,11850.5,11719.25,11719.25,11879.05,11559.45,319.61,1,-65.12,26086.64,EOD,IS
2020-11-23,11:35,15:25,SHORT,11837.25,11922.75,11946.25,11946.25,12070.62,11821.88,248.73,3,-514.86,25571.78,EOD,IS
2020-11-24,13:50,15:25,LONG,12072.5,12078.5,11949.25,11949.25,12070.59,11827.91,242.68,3,34.14,25605.92,EOD,IS
2020-11-30,10:50,14:50,SHORT,12145.75,12264.25,12270.75,12270.75,12370.18,12171.32,198.86,4,-950.48,24655.44,STOP,IS
2020-12-01,12:35,15:25,LONG,12472.75,12447.5,12376.0,12376.0,12475.01,12276.99,198.02,3,-153.36,24502.08,EOD,IS
2020-12-09,12:20,15:25,SHORT,12543.5,12309.25,12631.25,12631.25,12704.1,12558.4,145.7,6,2807.28,27309.36,EOD,IS
2020-12-10,10:10,15:25,LONG,12380.25,12401.25,12264.75,12264.75,12346.4,12183.1,163.3,3,124.14,27433.5,EOD,IS
2020-12-11,12:40,13:50,SHORT,12247.0,12330.25,12330.0,12330.0,12414.99,12245.01,169.98,3,-501.36,26932.14,STOP,IS
2020-12-14,10:05,15:25,LONG,12510.5,12511.5,12421.25,12421.25,12506.44,12336.06,170.38,3,4.14,26936.28,EOD,IS
2020-12-21,10:20,11:40,SHORT,12511.5,12581.75,12581.5,12581.5,12663.54,12499.46,164.09,6,-846.72,26089.56,STOP,IS
2020-12-21,13:20,15:25,LONG,12671.25,12666.25,12581.5,12581.5,12663.54,12499.46,164.09,6,-63.72,26025.84,EOD,IS
2020-12-22,11:50,15:25,SHORT,12637.0,12688.75,12719.0,12719.0,12803.71,12634.29,169.43,5,-520.6,25505.24,EOD,IS
2021-01-04,11:10,15:25,SHORT,12733.5,12650.25,12933.75,12933.75,13016.32,12851.18,165.14,4,663.52,26168.76,EOD,IS
2021-01-05,09:55,15:25,LONG,12751.75,12758.75,12650.5,12650.5,12736.09,12564.91,171.18,3,40.14,26208.9,EOD,IS
2021-01-06,10:25,15:25,LONG,12700.75,12655.25,12598.0,12598.0,12680.75,12515.25,165.5,4,-366.48,25842.42,EOD,IS
2021-01-07,10:20,15:25,LONG,12871.0,12946.5,12727.5,12727.5,12813.12,12641.88,171.23,3,451.14,26293.56,EOD,IS
2021-01-12,12:25,14:00,SHORT,12814.25,12903.0,12902.75,12902.75,12998.76,12806.74,192.02,2,-356.24,25937.32,STOP,IS
2021-01-13,14:05,15:25,LONG,12992.75,12963.25,12889.5,12889.5,12988.65,12790.35,198.3,2,-119.24,25818.08,EOD,IS
2021-01-15,10:25,15:25,SHORT,12792.0,12824.25,12889.75,12889.75,12983.12,12796.38,186.73,3,-195.36,25622.72,EOD,IS
2021-01-19,15:05,15:25,LONG,13003.0,12988.5,12896.25,12896.25,12993.16,12799.34,193.82,4,-118.48,25504.24,EOD,IS
2021-01-20,10:35,15:25,LONG,13239.25,13310.25,13136.75,13136.75,13233.68,13039.82,193.86,3,424.14,25928.38,EOD,IS
2021-01-25,11:20,15:25,SHORT,13353.25,13399.0,13497.75,13497.75,13603.91,13391.59,212.32,3,-276.36,25652.02,EOD,IS
2021-01-27,09:50,15:25,SHORT,13217.25,13074.0,13389.75,13389.75,13492.4,13287.1,205.3,3,857.64,26509.66,EOD,IS
2021-01-28,10:20,15:25,LONG,13236.25,13258.5,13155.0,13155.0,13265.5,13044.5,221.0,2,87.76,26597.42,EOD,IS
2021-01-29,11:35,15:25,SHORT,12992.25,12976.0,13110.5,13110.5,13218.62,13002.38,216.23,2,63.76,26661.18,EOD,IS
2021-02-01,11:50,15:25,LONG,13191.5,13248.5,13051.5,13051.5,13165.93,12937.07,228.86,2,226.76,26887.94,EOD,IS
2021-02-02,13:50,15:25,LONG,13473.25,13480.75,13352.25,13352.25,13471.61,13232.89,238.71,2,28.76,26916.7,EOD,IS
2021-02-10,10:35,15:25,SHORT,13599.0,13663.25,13742.75,13742.75,13851.02,13634.48,216.54,4,-516.48,26400.22,EOD,IS
2021-02-18,15:10,15:25,LONG,13661.75,13652.75,13543.75,13543.75,13643.39,13444.11,199.29,5,-93.1,26307.12,EOD,IS
2021-02-19,12:40,15:25,SHORT,13595.25,13596.5,13696.0,13696.0,13794.11,13597.89,196.21,5,-15.6,26291.52,EOD,IS
2021-02-22,11:05,15:25,SHORT,13294.75,13254.25,13391.25,13391.25,13482.62,13299.88,182.73,6,482.28,26773.8,EOD,IS
2021-02-23,09:50,10:20,SHORT,12863.5,13001.25,13001.0,13001.0,13092.45,12909.55,182.89,3,-828.36,25945.44,STOP,IS
2021-02-23,11:05,11:40,LONG,13093.5,13000.75,13001.0,13001.0,13092.45,12909.55,182.89,3,-558.36,25387.08,STOP,IS
2021-02-23,12:50,13:20,SHORT,12954.5,13001.25,13001.0,13001.0,13092.45,12909.55,182.89,3,-282.36,25104.72,STOP,IS
2021-02-24,11:35,15:25,LONG,13177.25,13273.75,13074.5,13074.5,13174.39,12974.61,199.79,3,577.14,25681.86,EOD,IS
2021-02-25,11:50,15:25,SHORT,13034.25,12826.75,13181.0,13181.0,13287.66,13074.34,213.32,3,1243.14,26925.0,EOD,IS
2021-02-26,10:35,10:50,SHORT,12870.0,12952.25,12952.0,12952.0,13071.77,12832.23,239.54,2,-330.24,26594.76,STOP,IS
2021-02-26,12:20,13:50,LONG,13070.25,12951.75,12952.0,12952.0,13071.77,12832.23,239.54,2,-475.24,26119.52,STOP,IS
2021-03-01,14:20,15:25,LONG,13245.5,13271.75,13098.5,13098.5,13226.09,12970.91,255.18,2,103.76,26223.28,EOD,IS
2021-03-02,11:25,15:25,SHORT,13153.5,13112.75,13297.5,13297.5,13435.68,13159.32,276.36,1,80.88,26304.16,EOD,IS
2021-03-03,10:20,15:25,SHORT,12862.0,12717.25,13012.75,13012.75,13156.82,12868.68,288.14,1,288.88,26593.04,EOD,IS
2021-03-04,10:20,10:35,SHORT,12578.5,12664.5,12664.25,12664.25,12813.23,12515.27,297.96,1,-172.62,26420.42,STOP,IS
2021-03-04,13:25,15:25,SHORT,12495.0,12461.5,12664.25,12664.25,12813.23,12515.27,297.96,1,66.38,26486.8,EOD,IS
2021-03-05,10:40,13:15,SHORT,12351.25,12583.25,12583.0,12583.0,12745.24,12420.76,324.48,1,-464.62,26022.18,STOP,IS
2021-03-08,14:05,15:25,SHORT,12447.5,12341.5,12635.5,12635.5,12809.38,12461.62,347.75,1,211.38,26233.56,EOD,IS
2021-03-09,12:40,15:25,LONG,12787.25,12848.5,12608.75,12608.75,12792.35,12425.15,367.2,2,243.76,26477.32,EOD,IS
2021-03-10,13:40,15:25,SHORT,12755.5,12774.75,12967.75,12967.75,13163.68,12771.82,391.86,1,-39.12,26438.2,EOD,IS
2021-03-17,15:05,15:25,LONG,13268.5,13227.5,13018.0,13018.0,13203.9,12832.1,371.8,2,-165.24,26272.96,EOD,IS
2021-03-22,12:35,15:25,LONG,13131.75,13099.0,12928.75,12928.75,13111.03,12746.47,364.55,2,-132.24,26140.72,EOD,IS
2021-03-24,15:05,15:25,SHORT,12880.0,12861.5,13071.0,13071.0,13249.88,12892.12,357.77,2,72.76,26213.48,EOD,IS
2021-03-31,10:55,15:25,LONG,13106.75,13126.5,12968.25,12968.25,13103.94,12832.56,271.38,3,116.64,26330.12,EOD,IS
2021-04-05,12:35,15:25,LONG,13572.5,13578.25,13419.75,13419.75,13550.9,13288.6,262.3,3,32.64,26362.76,EOD,IS
2021-04-13,15:20,15:25,LONG,13986.5,13991.5,13877.25,13877.25,13977.93,13776.57,201.36,5,46.9,26409.66,EOD,IS
2021-04-14,11:25,15:25,SHORT,13880.75,13830.25,13983.25,13983.25,14083.53,13882.97,200.55,5,501.9,26911.56,EOD,IS
2021-04-19,12:05,15:25,SHORT,13879.75,13863.25,13965.25,13965.25,14056.32,13874.18,182.14,3,97.14,27008.7,EOD,IS
2021-04-20,11:25,15:25,SHORT,13753.0,13786.0,13873.75,13873.75,13965.66,13781.84,183.82,3,-199.86,26808.84,EOD,IS
2021-04-21,11:35,15:25,LONG,13852.5,13872.25,13747.0,13747.0,13840.04,13653.96,186.07,3,116.64,26925.48,EOD,IS
2021-04-22,13:20,15:25,SHORT,13829.25,13736.0,13900.75,13900.75,13992.49,13809.01,183.48,3,557.64,27483.12,EOD,IS
2021-04-23,11:40,15:25,LONG,13916.25,13964.25,13776.25,13776.25,13868.19,13684.31,183.88,4,381.52,27864.64,EOD,IS
2021-04-26,15:20,15:25,LONG,14020.5,13994.75,13933.25,13933.25,14022.7,13843.8,178.89,3,-156.36,27708.28,EOD,IS
2021-04-29,10:20,15:25,SHORT,13949.75,13947.5,14042.25,14042.25,14130.11,13954.39,175.71,4,15.52,27723.8,EOD,IS
2021-04-30,10:35,13:50,LONG,13918.75,13852.25,13852.5,13852.5,13942.55,13762.45,180.11,5,-668.1,27055.7,STOP,IS
2021-05-03,11:30,15:25,SHORT,13808.0,13798.75,13915.0,13915.0,14006.28,13823.72,182.55,5,89.4,27145.1,EOD,IS
2021-05-04,10:05,15:25,SHORT,13534.75,13471.25,13682.5,13682.5,13773.56,13591.44,182.12,6,758.28,27903.38,EOD,IS
2021-05-10,10:10,15:25,SHORT,13539.0,13394.0,13650.0,13650.0,13751.82,13548.18,203.64,3,868.14,28771.52,EOD,IS
2021-05-11,10:05,15:25,LONG,13227.25,13356.5,13113.75,13113.75,13220.7,13006.8,213.89,2,515.76,29287.28,EOD,IS
2021-05-12,12:15,15:25,SHORT,13008.25,13003.0,13133.0,13133.0,13242.29,13023.71,218.57,3,29.64,29316.92,EOD,IS
2021-05-14,12:20,15:25,LONG,13349.75,13403.0,13231.5,13231.5,13345.77,13117.23,228.54,2,211.76,29528.68,EOD,IS
2021-05-19,11:25,15:25,LONG,13125.75,13211.0,12984.25,12984.25,13111.83,12856.67,255.16,2,339.76,29868.44,EOD,IS
2021-05-20,10:35,15:25,LONG,13420.0,13522.0,13292.0,13292.0,13420.67,13163.33,257.34,3,610.14,30478.58,EOD,IS
2021-05-21,12:20,15:25,SHORT,13414.75,13447.75,13552.0,13552.0,13686.44,13417.56,268.88,3,-199.86,30278.72,EOD,IS
2021-05-24,11:20,15:25,LONG,13644.0,13670.0,13509.0,13509.0,13643.38,13374.62,268.75,3,154.14,30432.86,EOD,IS
2021-06-01,10:55,15:25,SHORT,13614.5,13670.0,13752.0,13752.0,13860.14,13643.86,216.29,5,-558.1,29874.76,EOD,IS
2021-06-04,10:05,15:25,LONG,13731.0,13767.0,13610.0,13610.0,13703.76,13516.24,187.52,6,428.28,30303.04,EOD,IS
2021-06-08,11:25,15:25,SHORT,13769.75,13819.75,13879.0,13879.0,13966.38,13791.62,174.77,4,-402.48,29900.56,EOD,IS
2021-06-10,09:55,10:55,LONG,13944.25,13866.75,13830.75,13830.75,13911.21,13750.29,160.93,4,-622.48,29278.08,STOP,IS
2021-06-10,11:40,15:25,LONG,13907.75,13946.25,13830.75,13830.75,13911.21,13750.29,160.93,4,305.52,29583.6,EOD,IS
2021-06-17,10:05,15:25,LONG,14034.25,14193.5,13944.0,13944.0,14018.65,13869.35,149.3,5,1589.4,31173.0,EOD,IS
2021-06-21,13:55,15:25,LONG,14133.75,14110.25,14051.5,14051.5,14133.06,13969.94,163.12,5,-238.1,30934.9,EOD,IS
2021-06-22,11:40,15:25,LONG,14203.0,14274.25,14120.0,14120.0,14204.96,14035.04,169.93,4,567.52,31502.42,EOD,IS
2021-06-28,10:40,15:25,LONG,14475.0,14510.25,14393.75,14393.75,14469.27,14318.23,151.04,8,559.04,32061.46,EOD,IS
2021-07-06,12:20,13:55,SHORT,14660.5,14735.25,14740.25,14740.25,14816.79,14663.71,153.07,6,-900.72,31160.74,STOP,IS
2021-07-07,10:45,15:25,SHORT,14757.25,14801.0,14871.25,14871.25,14947.73,14794.77,152.96,8,-704.96,30455.78,EOD,IS
2021-07-08,11:55,15:25,LONG,14680.0,14693.0,14594.25,14594.25,14672.02,14516.48,155.54,8,203.04,30658.82,EOD,IS
2021-07-09,11:10,15:25,LONG,14774.25,14814.75,14693.75,14693.75,14771.23,14616.27,154.96,6,482.28,31141.1,EOD,IS
2021-07-20,11:25,15:25,LONG,14662.5,14774.75,14591.25,14591.25,14669.79,14512.71,157.09,8,1791.04,32932.14,EOD,IS
2021-07-21,15:20,15:25,LONG,14794.75,14793.25,14702.0,14702.0,14786.57,14617.43,169.14,5,-18.1,32914.04,EOD,IS
2021-07-23,11:50,15:25,LONG,15069.5,15094.5,14985.5,14985.5,15073.11,14897.89,175.21,4,197.52,33111.56,EOD,IS
2021-07-27,10:20,15:25,SHORT,14979.75,14911.5,15105.25,15105.25,15190.62,15019.88,170.73,9,1222.92,34334.48,EOD,IS
2021-07-29,11:10,15:25,LONG,15068.25,15033.25,14983.25,14983.25,15072.04,14894.46,177.59,5,-353.1,33981.38,EOD,IS
2021-07-30,10:05,15:25,LONG,14971.25,14948.5,14868.75,14868.75,14955.33,14782.17,173.16,5,-230.6,33750.78,EOD,IS
2021-08-03,10:35,11:45,SHORT,14898.25,14986.25,14986.0,14986.0,15074.03,14897.97,176.05,7,-1236.34,32514.44,STOP,IS
2021-08-12,15:10,15:25,LONG,15079.25,15082.0,14999.75,14999.75,15075.41,14924.09,151.32,8,39.04,32553.48,EOD,IS
2021-08-19,10:20,15:25,LONG,14860.0,14971.25,14774.5,14774.5,14849.25,14699.75,149.5,6,1331.28,33884.76,EOD,IS
2021-08-20,10:10,15:25,LONG,15055.75,15082.25,14973.5,14973.5,15050.62,14896.38,154.25,6,314.28,34199.04,EOD,IS
2021-08-23,10:05,15:25,LONG,15230.0,15320.25,15127.25,15127.25,15206.25,15048.25,158.0,5,899.4,35098.44,EOD,IS
2021-08-27,10:20,15:25,LONG,15402.5,15437.25,15301.0,15301.0,15378.8,15223.2,155.61,5,344.4,35442.84,EOD,IS
2021-08-30,10:10,15:25,LONG,15541.5,15610.0,15455.75,15455.75,15536.88,15374.62,162.25,6,818.28,36261.12,EOD,IS
2021-09-02,13:55,15:25,SHORT,15579.0,15586.25,15668.5,15668.5,15747.27,15589.73,157.54,6,-90.72,36170.4,EOD,IS
2021-09-03,10:05,15:25,LONG,15643.25,15654.25,15555.75,15555.75,15636.57,15474.93,161.64,8,171.04,36341.44,EOD,IS
2021-09-20,12:10,15:25,SHORT,14937.25,14875.5,15075.75,15075.75,15154.06,14997.44,156.62,8,983.04,37324.48,EOD,IS
2021-09-22,11:50,15:25,LONG,15173.5,15193.0,15061.75,15061.75,15158.13,14965.37,192.77,3,115.14,37439.62,EOD,IS
2021-09-23,10:05,15:25,LONG,15314.5,15318.75,15211.0,15211.0,15311.57,15110.43,201.14,3,23.64,37463.26,EOD,IS
2021-09-28,10:20,15:25,SHORT,14861.25,14803.0,15001.25,15001.25,15108.96,14893.54,215.41,7,811.16,38274.42,EOD,IS
2021-10-01,10:40,13:30,SHORT,14546.0,14710.0,14709.75,14709.75,14835.03,14584.47,250.55,4,-1314.48,36959.94,STOP,IS
2021-10-04,10:10,15:25,SHORT,14558.75,14408.25,14704.5,14704.5,14831.46,14577.54,253.91,4,1201.52,38161.46,EOD,IS
2021-10-05,11:15,15:25,LONG,14694.25,14705.75,14507.0,14507.0,14640.69,14373.31,267.38,3,67.14,38228.6,EOD,IS
2021-10-06,10:50,15:25,LONG,14672.5,14718.0,14521.75,14521.75,14659.32,14384.18,275.14,4,361.52,38590.12,EOD,IS
2021-10-11,10:25,15:25,LONG,14890.75,14755.5,14748.5,14748.5,14871.38,14625.62,245.77,4,-1084.48,37505.64,EOD,IS
2021-10-14,12:50,15:25,LONG,15036.75,15031.5,14919.75,14919.75,15040.82,14798.68,242.14,6,-66.72,37438.92,EOD,IS
2021-10-18,11:35,15:25,LONG,15195.75,15279.75,15077.0,15077.0,15198.37,14955.63,242.73,5,836.9,38275.82,EOD,IS
2021-10-22,11:50,15:25,SHORT,15305.5,15335.75,15422.5,15422.5,15525.97,15319.03,206.95,7,-427.84,37847.98,EOD,IS
2021-10-25,13:20,15:25,LONG,15494.75,15515.0,15405.25,15405.25,15501.53,15308.97,192.55,6,239.28,38087.26,EOD,IS
2021-10-27,12:20,15:25,LONG,15669.5,15641.0,15570.5,15570.5,15661.47,15479.53,181.95,7,-403.34,37683.92,EOD,IS
2021-10-29,11:25,15:25,LONG,15731.25,15785.25,15631.5,15631.5,15721.02,15541.98,179.04,6,644.28,38328.2,EOD,IS
2021-11-02,09:55,15:25,LONG,15956.0,15954.25,15865.75,15865.75,15955.38,15776.12,179.25,11,-45.32,38282.88,EOD,IS
2021-11-03,15:10,15:25,LONG,16091.25,16099.25,15980.25,15980.25,16068.81,15891.69,177.12,11,169.18,38452.06,EOD,IS
2021-11-04,10:35,15:25,LONG,16309.5,16330.0,16179.75,16179.75,16265.78,16093.72,172.05,13,524.94,38977.0,EOD,IS
2021-11-09,10:05,15:25,SHORT,16203.75,16195.75,16376.0,16376.0,16463.24,16288.76,174.48,8,123.04,39100.04,EOD,IS
2021-11-10,10:20,12:45,LONG,16180.0,16113.75,16101.5,16101.5,16192.46,16010.54,181.93,6,-798.72,38301.32,STOP,IS
2021-11-10,14:05,15:25,SHORT,16027.25,15979.25,16101.5,16101.5,16192.46,16010.54,181.93,6,572.28,38873.6,EOD,IS
2021-11-12,11:35,15:25,LONG,16175.25,16197.25,16069.75,16069.75,16164.39,15975.11,189.29,7,303.66,39177.26,EOD,IS
2021-11-15,11:55,15:25,SHORT,16126.25,16193.25,16241.0,16241.0,16335.33,16146.67,188.66,5,-673.1,38504.16,EOD,IS
2021-11-16,11:05,15:25,LONG,16253.75,16303.0,16157.0,16157.0,16250.3,16063.7,186.61,5,489.4,38993.56,EOD,IS
2021-11-22,09:50,11:20,LONG,16729.5,16638.25,16638.5,16638.5,16729.32,16547.68,181.64,10,-1831.2,37162.36,STOP,IS
2021-11-22,12:10,15:25,SHORT,16496.75,16549.25,16638.5,16638.5,16729.32,16547.68,181.64,10,-1056.2,36106.16,EOD,IS
2021-11-23,11:00,15:25,SHORT,16174.0,16245.0,16330.75,16330.75,16431.39,16230.11,201.29,5,-713.1,35393.06,EOD,IS
2021-11-24,11:50,15:25,LONG,16321.25,16354.0,16198.25,16198.25,16302.08,16094.42,207.66,5,324.4,35717.46,EOD,IS
2021-11-29,12:10,15:25,LONG,16368.5,16412.75,16239.25,16239.25,16343.71,16134.79,208.93,5,439.4,36156.86,EOD,IS
2021-11-30,11:05,15:25,SHORT,16172.5,16120.75,16355.5,16355.5,16462.59,16248.41,214.18,6,617.28,36774.14,EOD,IS
2021-12-01,13:20,15:25,SHORT,16229.75,15979.5,16338.5,16338.5,16456.18,16220.82,235.36,6,2999.28,39773.42,EOD,IS
2021-12-02,09:55,10:35,LONG,15993.75,15824.0,15824.25,15824.25,15954.0,15694.5,259.5,5,-1700.6,38072.82,STOP,IS
2021-12-02,11:20,15:25,LONG,15940.0,15990.75,15824.25,15824.25,15954.0,15694.5,259.5,5,504.4,38577.22,EOD,IS
2021-12-03,09:55,15:25,SHORT,15849.0,15606.75,16047.0,16047.0,16176.09,15917.91,258.18,4,1935.52,40512.74,EOD,IS
2021-12-06,14:05,15:25,LONG,15874.25,15855.5,15734.25,15734.25,15878.36,15590.14,288.21,4,-152.48,40360.26,EOD,IS
2021-12-07,10:50,15:25,LONG,16284.25,16264.75,16119.25,16119.25,16267.86,15970.64,297.21,4,-158.48,40201.78,EOD,IS
2021-12-13,11:55,15:25,SHORT,16136.0,16152.5,16325.5,16325.5,16490.19,16160.81,329.38,3,-100.86,40100.92,EOD,IS
2021-12-16,10:10,15:25,SHORT,16135.0,15890.0,16326.5,16326.5,16502.96,16150.04,352.93,3,1468.14,41569.06,EOD,IS
2021-12-21,15:05,15:25,LONG,15955.75,15940.5,15761.75,15761.75,15953.34,15570.16,383.18,3,-93.36,41475.7,EOD,IS
2021-12-27,10:40,15:25,LONG,16514.75,16537.5,16347.0,16347.0,16522.59,16171.41,351.18,3,134.64,41610.34,EOD,IS
2022-01-04,10:45,15:25,SHORT,16298.5,16285.75,16509.75,16509.75,16652.74,16366.76,285.98,5,124.4,41734.74,EOD,OOS
2022-01-05,13:10,15:25,SHORT,16048.25,15834.25,16200.25,16200.25,16347.1,16053.4,293.7,5,2136.9,43871.64,EOD,OOS
2022-01-06,11:20,15:25,LONG,15845.25,15803.0,15691.5,15691.5,15844.24,15538.76,305.48,4,-340.48,43531.16,EOD,OOS
2022-01-07,10:55,15:25,SHORT,15552.25,15613.75,15757.5,15757.5,15901.04,15613.96,287.07,3,-370.86,43160.3,EOD,OOS
2022-01-10,10:05,13:30,SHORT,15248.25,15353.5,15377.5,15377.5,15512.9,15242.1,270.8,3,-633.36,42526.94,STOP,OOS
2022-01-11,11:20,15:25,LONG,15725.75,15818.75,15565.0,15565.0,15703.62,15426.38,277.23,4,741.52,43268.46,EOD,OOS
2022-01-13,10:55,15:25,SHORT,15763.25,15582.75,15950.0,15950.0,16086.91,15813.09,273.82,6,2162.28,45430.74,EOD,OOS
2022-01-14,10:20,15:25,LONG,15530.0,15562.5,15389.25,15389.25,15538.06,15240.44,297.62,4,257.52,45688.26,EOD,OOS
2022-01-20,11:05,14:10,LONG,15317.5,15168.5,15168.75,15168.75,15332.13,15005.37,326.77,4,-1194.48,44493.78,STOP,OOS
2022-01-21,14:35,15:25,SHORT,14590.5,14464.75,14746.0,14746.0,14922.5,14569.5,353.0,4,1003.52,45497.3,EOD,OOS
2022-01-24,10:20,14:00,SHORT,14087.5,14191.25,14191.0,14191.0,14377.98,14004.02,373.96,4,-832.48,44664.82,STOP,OOS
2022-01-26,14:50,15:25,SHORT,14281.25,14165.25,14475.75,14475.75,14688.73,14262.77,425.96,4,925.52,45590.34,EOD,OOS
2022-01-27,12:50,15:25,SHORT,14122.5,13998.5,14333.25,14333.25,14551.65,14114.85,436.8,4,989.52,46579.86,EOD,OOS
2022-01-28,12:10,14:35,LONG,14267.75,14107.75,14067.75,14067.75,14292.05,13843.45,448.61,4,-1282.48,45297.38,STOP,OOS
2022-01-31,11:05,15:25,LONG,14697.5,14768.75,14487.75,14487.75,14721.33,14254.17,467.16,3,425.64,45723.02,EOD,OOS
2022-02-04,15:15,15:25,LONG,14777.25,14776.5,14518.25,14518.25,14756.15,14280.35,475.8,2,-4.24,45718.78,EOD,OOS
2022-02-10,10:50,13:35,LONG,14931.0,14766.25,14742.75,14742.75,14972.79,14512.71,460.07,2,-660.24,45058.54,STOP,OOS
2022-02-11,13:40,15:25,SHORT,14374.25,14260.25,14700.25,14700.25,14929.45,14471.05,458.39,3,682.14,45740.68,EOD,OOS
2022-02-17,14:45,15:25,SHORT,14261.5,14197.75,14462.75,14462.75,14658.54,14266.96,391.59,3,380.64,46121.32,EOD,OOS
2022-02-18,11:05,15:25,SHORT,13992.75,14014.5,14204.5,14204.5,14396.03,14012.97,383.05,2,-88.24,46033.08,EOD,OOS
2022-02-23,10:50,15:25,SHORT,13773.25,13580.0,13995.0,13995.0,14183.81,13806.19,377.62,3,1157.64,47190.72,EOD,OOS
2022-02-24,09:50,15:25,LONG,13319.0,13812.25,13073.75,13073.75,13273.26,12874.24,399.02,4,3943.52,51134.24,EOD,OOS
2022-02-28,11:35,14:05,LONG,14256.25,14042.5,14042.75,14042.75,14250.64,13834.86,415.79,3,-1284.36,49849.88,STOP,OOS
2022-03-03,11:00,15:25,SHORT,14071.5,14043.25,14351.5,14351.5,14562.94,14140.06,422.88,3,167.64,50017.52,EOD,OOS
2022-03-07,10:30,15:25,SHORT,13592.75,13414.75,13831.0,13831.0,14031.54,13630.46,401.07,4,1421.52,51439.04,EOD,OOS
2022-03-08,12:20,15:25,LONG,13478.0,13349.5,13287.0,13287.0,13497.33,13076.67,420.66,3,-772.86,50666.18,EOD,OOS
2022-03-11,11:35,15:25,SHORT,13450.25,13370.75,13711.5,13711.5,13934.4,13488.6,445.8,2,316.76,50982.94,EOD,OOS
2022-03-15,11:40,15:25,LONG,13377.5,13437.25,13157.25,13157.25,13384.03,12930.47,453.55,3,356.64,51339.58,EOD,OOS
2022-03-16,10:40,14:05,LONG,13809.0,13620.0,13620.25,13620.25,13843.57,13396.93,446.64,2,-757.24,50582.34,STOP,OOS
2022-03-22,10:35,15:25,LONG,14608.5,14640.75,14390.25,14390.25,14598.32,14182.18,416.14,3,191.64,50773.98,EOD,OOS
2022-04-04,10:50,15:25,LONG,15051.25,15141.5,14895.75,14895.75,15050.93,14740.57,310.36,4,719.52,51493.5,EOD,OOS
2022-04-05,10:20,15:25,SHORT,14963.0,14823.0,15105.25,15105.25,15257.79,14952.71,305.07,4,1117.52,52611.02,EOD,OOS
2022-04-06,11:20,14:05,SHORT,14483.5,14474.25,14602.0,14602.0,14752.55,14451.45,301.11,4,71.52,52682.54,STOP,OOS
2022-04-06,14:20,15:00,SHORT,14425.75,14602.25,14602.0,14602.0,14752.55,14451.45,301.11,4,-1414.48,51268.06,STOP,OOS
2022-04-12,14:00,15:25,SHORT,14017.75,13901.75,14199.5,14199.5,14345.28,14053.72,291.55,6,1388.28,52656.34,EOD,OOS
2022-04-13,11:05,15:25,LONG,14124.5,14244.25,13953.25,13953.25,14104.62,13801.88,302.73,6,1433.28,54089.62,EOD,OOS
2022-04-14,10:20,15:25,SHORT,14055.75,13932.75,14224.0,14224.0,14375.73,14072.27,303.46,4,981.52,55071.14,EOD,OOS
2022-04-19,10:25,15:25,LONG,14081.75,14217.5,13875.0,13875.0,14028.71,13721.29,307.43,4,1083.52,56154.66,EOD,OOS
2022-04-20,10:10,15:25,SHORT,14094.75,14030.25,14251.0,14251.0,14409.18,14092.82,316.36,4,513.52,56668.18,EOD,OOS
2022-04-21,11:50,15:25,SHORT,14010.0,13763.25,14173.0,14173.0,14334.13,14011.87,322.27,4,1971.52,58639.7,EOD,OOS
2022-04-22,12:00,15:25,SHORT,13517.25,13435.5,13725.5,13725.5,13899.58,13551.42,348.16,4,651.52,59291.22,EOD,OOS
2022-04-25,14:55,15:25,LONG,13436.5,13475.75,13288.75,13288.75,13471.08,13106.42,364.66,4,311.52,59602.74,EOD,OOS
2022-04-26,10:05,15:25,SHORT,13253.25,13076.5,13444.0,13444.0,13626.4,13261.6,364.8,4,1411.52,61014.26,EOD,OOS
2022-04-27,09:50,10:10,LONG,13195.25,13021.5,13021.75,13021.75,13209.17,12834.33,374.84,4,-1392.48,59621.78,STOP,OOS
2022-04-28,13:20,15:25,LONG,13401.0,13503.5,13212.0,13212.0,13395.45,13028.55,366.89,4,817.52,60439.3,EOD,OOS
2022-04-29,12:55,15:25,SHORT,13073.25,12936.75,13287.5,13287.5,13478.94,13096.06,382.88,3,817.14,61256.44,EOD,OOS
2022-05-04,11:35,13:00,SHORT,12912.25,13107.25,13107.0,13107.0,13306.94,12907.06,399.88,3,-1171.86,60084.58,STOP,OOS
2022-05-04,15:15,15:25,LONG,13406.75,13464.5,13107.0,13107.0,13306.94,12907.06,399.88,3,344.64,60429.22,EOD,OOS
2022-05-05,10:10,15:25,SHORT,13102.25,12722.25,13342.5,13342.5,13554.15,13130.85,423.3,2,1518.76,61947.98,EOD,OOS
2022-05-10,11:15,13:45,SHORT,12255.0,12497.75,12497.5,12497.5,12738.29,12256.71,481.59,2,-972.24,60975.74,STOP,OOS
2022-05-12,11:10,13:35,LONG,12067.5,11790.5,11790.75,11790.75,12031.65,11549.85,481.8,3,-1663.86,59311.88,STOP,OOS
2022-05-13,12:15,15:25,LONG,12407.75,12422.25,12132.5,12132.5,12373.62,11891.38,482.23,4,113.52,59425.4,EOD,OOS
2022-05-18,12:10,15:25,SHORT,12103.75,11915.5,12368.25,12368.25,12604.71,12131.79,472.91,3,1127.64,60553.04,EOD,OOS
2022-05-20,11:25,15:25,SHORT,11762.0,11676.0,12025.75,12025.75,12254.57,11796.93,457.64,2,342.76,60895.8,EOD,OOS
2022-05-25,14:35,15:25,LONG,11923.5,11991.0,11717.25,11717.25,11947.09,11487.41,459.68,3,403.14,61298.94,EOD,OOS
2022-05-26,10:20,15:25,LONG,12181.0,12255.25,11913.5,11913.5,12125.35,11701.65,423.7,5,739.4,62038.34,EOD,OOS
2022-05-27,15:10,15:25,LONG,12641.75,12653.0,12407.75,12407.75,12620.83,12194.67,426.16,4,87.52,62125.86,EOD,OOS
2022-06-01,11:50,15:25,SHORT,12527.5,12622.25,12733.0,12733.0,12937.45,12528.55,408.89,4,-760.48,61365.38,EOD,OOS
2022-06-02,11:50,15:25,LONG,12713.75,12820.25,12502.5,12502.5,12700.82,12304.18,396.64,4,849.52,62214.9,EOD,OOS
2022-06-07,10:50,15:25,LONG,12683.75,12690.75,12457.75,12457.75,12655.61,12259.89,395.71,4,53.52,62268.42,EOD,OOS
2022-06-10,11:40,15:25,SHORT,11848.25,11946.75,12041.75,12041.75,12227.02,11856.48,370.54,5,-988.1,61280.32,EOD,OOS
2022-06-16,10:50,15:25,SHORT,11117.25,11131.5,11296.25,11296.25,11484.2,11108.3,375.89,3,-87.36,61192.96,EOD,OOS
2022-06-21,11:05,15:25,LONG,11673.25,11611.0,11480.75,11480.75,11672.8,11288.7,384.11,2,-250.24,60942.72,EOD,OOS
2022-06-22,10:40,15:25,LONG,11719.75,11600.5,11470.5,11470.5,11667.45,11273.55,393.89,2,-478.24,60464.48,EOD,OOS
2022-06-24,10:25,15:25,LONG,12047.0,12054.25,11849.0,11849.0,12041.21,11656.79,384.43,2,27.76,60492.24,EOD,OOS
2022-06-28,11:45,15:25,SHORT,11821.0,11708.75,12063.25,12063.25,12247.84,11878.66,369.18,4,895.52,61387.76,EOD,OOS
2022-06-30,10:05,11:25,SHORT,11360.75,11556.0,11555.75,11555.75,11743.41,11368.09,375.32,3,-1173.36,60214.4,STOP,OOS
2022-07-05,13:40,15:25,LONG,11678.25,11791.0,11454.0,11454.0,11640.21,11267.79,372.43,4,899.52,61113.92,EOD,OOS
2022-07-07,12:35,15:25,LONG,12094.5,12141.75,11919.0,11919.0,12091.46,11746.54,344.91,5,469.4,61583.32,EOD,OOS
2022-07-08,11:35,15:25,LONG,12194.75,12156.5,12017.25,12017.25,12191.99,11842.51,349.48,5,-385.6,61197.72,EOD,OOS
2022-07-11,10:05,15:25,SHORT,11890.5,11898.25,12050.5,12050.5,12217.79,11883.21,334.59,5,-80.6,61117.12,EOD,OOS
2022-07-12,15:10,15:25,SHORT,11778.75,11751.0,11943.25,11943.25,12101.36,11785.14,316.21,5,274.4,61391.52,EOD,OOS
2022-07-13,09:50,15:25,LONG,11671.25,11791.5,11544.5,11544.5,11694.31,11394.69,299.62,5,1199.4,62590.92,EOD,OOS
2022-07-14,14:40,15:25,LONG,11799.5,11825.0,11642.5,11642.5,11793.46,11491.54,301.91,5,251.9,62842.82,EOD,OOS
2022-07-18,15:00,15:25,SHORT,11928.75,11919.25,12124.5,12124.5,12271.79,11977.21,294.59,5,91.9,62934.72,EOD,OOS
2022-07-19,13:50,15:25,LONG,12244.75,12260.5,12060.5,12060.5,12211.71,11909.29,302.43,7,216.16,63150.88,EOD,OOS
2022-07-20,11:00,15:25,LONG,12455.0,12496.75,12288.75,12288.75,12435.38,12142.12,293.27,5,414.4,63565.28,EOD,OOS
2022-07-22,11:40,15:25,SHORT,12442.75,12427.0,12607.0,12607.0,12754.0,12460.0,294.0,6,185.28,63750.56,EOD,OOS
2022-07-26,12:00,15:25,SHORT,12124.5,12099.0,12278.5,12278.5,12421.08,12135.92,285.16,4,201.52,63952.08,EOD,OOS
2022-07-27,12:30,15:25,LONG,12460.75,12685.5,12302.5,12302.5,12447.21,12157.79,289.43,5,2244.4,66196.48,EOD,OOS
2022-07-29,15:05,15:25,LONG,12960.25,12990.5,12803.0,12803.0,12961.29,12644.71,316.57,3,179.64,66376.12,EOD,OOS
2022-08-01,10:55,13:55,LONG,13089.75,12932.5,12897.75,12897.75,13055.03,12740.47,314.55,4,-1260.48,65115.64,STOP,OOS
2022-08-02,12:30,15:25,LONG,13071.0,12960.0,12864.25,12864.25,13019.52,12708.98,310.54,4,-890.48,64225.16,EOD,OOS
2022-08-03,11:30,15:25,LONG,13178.0,13272.25,12993.25,12993.25,13146.55,12839.95,306.61,5,939.4,65164.56,EOD,OOS
2022-08-05,10:25,11:25,LONG,13274.75,13118.0,13118.25,13118.25,13272.05,12964.45,307.61,6,-1884.72,63279.84,STOP,OOS
2022-08-11,14:55,15:25,SHORT,13320.0,13319.75,13489.75,13489.75,13639.87,13339.63,300.23,5,-0.6,63279.24,EOD,OOS
2022-08-12,15:20,15:25,LONG,13553.25,13561.75,13402.75,13402.75,13550.67,13254.83,295.84,5,81.9,63361.14,EOD,OOS
2022-08-19,11:10,15:25,SHORT,13257.75,13271.75,13399.5,13399.5,13526.98,13272.02,254.96,7,-200.34,63160.8,EOD,OOS
2022-08-22,13:35,15:25,SHORT,12927.75,12906.0,13080.25,13080.25,13209.31,12951.19,258.12,7,300.16,63460.96,EOD,OOS
2022-08-24,12:05,15:25,LONG,13003.0,12953.0,12876.75,12876.75,13001.36,12752.14,249.21,7,-704.34,62756.62,EOD,OOS
2022-08-26,10:40,15:25,SHORT,12895.75,12683.75,13146.5,13146.5,13270.38,13022.62,247.75,4,1693.52,64450.14,EOD,OOS
2022-08-30,10:25,15:25,SHORT,12404.0,12352.25,12563.25,12563.25,12695.57,12430.93,264.64,4,411.52,64861.66,EOD,OOS
2022-08-31,11:15,15:25,SHORT,12334.0,12336.0,12477.0,12477.0,12608.04,12345.96,262.07,4,-18.48,64843.18,EOD,OOS
2022-09-02,12:55,15:25,SHORT,12234.75,12110.75,12405.0,12405.0,12534.67,12275.33,259.34,5,1236.9,66080.08,EOD,OOS
2022-09-06,10:10,11:10,SHORT,11966.0,12099.5,12127.75,12127.75,12266.37,11989.13,277.23,9,-2408.58,63671.5,STOP,OOS
2022-09-06,13:50,15:25,SHORT,11980.25,12033.75,12127.75,12127.75,12266.37,11989.13,277.23,9,-968.58,62702.92,EOD,OOS
2022-09-07,13:55,15:25,LONG,12211.0,12302.75,12039.5,12039.5,12178.88,11900.12,278.75,8,1463.04,64165.96,EOD,OOS
2022-09-08,11:15,12:10,LONG,12367.75,12176.25,12176.5,12176.5,12317.21,12035.79,281.41,6,-2301.72,61864.24,STOP,OOS
2022-09-09,13:00,15:25,LONG,12569.75,12593.75,12417.0,12417.0,12561.62,12272.38,289.23,6,284.28,62148.52,EOD,OOS
2022-09-13,10:50,15:25,SHORT,12224.5,12075.25,12375.0,12375.0,12511.21,12238.79,272.41,6,1787.28,63935.8,EOD,OOS
2022-09-15,15:20,15:25,SHORT,11901.5,11876.0,12054.0,12054.0,12211.16,11896.84,314.32,3,151.14,64086.94,EOD,OOS
2022-09-19,15:15,15:25,LONG,11998.75,12009.75,11819.5,11819.5,11978.86,11660.14,318.71,3,64.14,64151.08,EOD,OOS
2022-09-23,12:35,15:25,SHORT,11321.25,11319.5,11461.0,11461.0,11610.13,11311.87,298.27,6,17.28,64168.36,EOD,OOS
2022-09-26,10:20,12:20,LONG,11522.0,11352.25,11352.5,11352.5,11503.5,11201.5,302.0,6,-2040.72,62127.64,STOP,OOS
2022-09-27,12:20,15:25,SHORT,11253.25,11311.25,11470.25,11470.25,11614.93,11325.57,289.36,6,-699.72,61427.92,EOD,OOS
2022-09-28,12:05,15:25,LONG,11472.75,11562.0,11331.0,11331.0,11479.09,11182.91,296.18,5,889.4,62317.32,EOD,OOS
2022-09-29,10:20,15:25,SHORT,11192.75,11159.25,11386.25,11386.25,11536.54,11235.96,300.59,5,331.9,62649.22,EOD,OOS
2022-10-03,13:35,15:25,LONG,11263.0,11344.0,11105.0,11105.0,11264.03,10945.97,318.05,4,645.52,63294.74,EOD,OOS
2022-10-05,15:05,15:25,LONG,11668.75,11670.25,11486.25,11486.25,11638.45,11334.05,304.39,3,7.14,63301.88,EOD,OOS
2022-10-07,11:50,15:25,SHORT,11173.75,11071.5,11345.75,11345.75,11501.15,11190.35,310.8,4,815.52,64117.4,EOD,OOS
2022-10-10,11:05,15:25,SHORT,10948.0,11010.0,11109.0,11109.0,11274.53,10943.47,331.05,3,-373.86,63743.54,EOD,OOS
2022-10-13,11:40,15:25,LONG,11017.25,11091.25,10523.25,10523.25,10682.81,10363.69,319.12,5,736.9,64480.44,EOD,OOS
2022-10-14,10:15,15:25,SHORT,10921.5,10788.5,11180.25,11180.25,11351.38,11009.12,342.25,4,1061.52,65541.96,EOD,OOS
2022-10-18,11:25,15:25,SHORT,11129.25,11152.5,11403.5,11403.5,11585.34,11221.66,363.68,3,-141.36,65400.6,EOD,OOS
2022-10-20,10:25,13:45,LONG,11311.5,11110.75,11111.0,11111.0,11284.82,10937.18,347.64,3,-1206.36,64194.24,STOP,OOS
2022-10-21,12:05,15:25,LONG,11219.25,11361.75,11044.0,11044.0,11216.23,10871.77,344.46,3,853.14,65047.38,EOD,OOS
2022-10-25,11:55,15:25,LONG,11683.75,11712.25,11515.75,11515.75,11687.04,11344.46,342.57,6,338.28,65385.66,EOD,OOS
2022-10-26,10:50,13:35,LONG,11628.5,11495.75,11474.5,11474.5,11642.38,11306.62,335.75,6,-1596.72,63788.94,STOP,OOS
2022-10-28,10:50,15:25,LONG,11459.5,11584.5,11212.75,11212.75,11374.54,11050.96,323.59,4,997.52,64786.46,EOD,OOS
2022-11-01,10:20,15:25,SHORT,11414.5,11338.0,11595.25,11595.25,11760.43,11430.07,330.36,3,457.14,65243.6,EOD,OOS
2022-11-04,09:50,10:20,SHORT,10778.5,10932.5,10932.25,10932.25,11089.51,10774.99,314.52,3,-925.86,64317.74,STOP,OOS
2022-11-04,12:05,15:25,SHORT,10730.5,10836.0,10932.25,10932.25,11089.51,10774.99,314.52,3,-634.86,63682.88,EOD,OOS
2022-11-09,13:55,15:25,SHORT,10878.25,10873.5,11018.0,11018.0,11168.95,10867.05,301.89,4,35.52,63718.4,EOD,OOS
2022-11-10,14:05,15:25,LONG,11508.0,11577.0,11356.75,11356.75,11507.12,11206.38,300.73,4,549.52,64267.92,EOD,OOS
2022-11-11,13:35,15:25,LONG,11821.5,11836.0,11624.5,11624.5,11790.35,11458.65,331.7,2,56.76,64324.68,EOD,OOS
2022-11-15,13:40,15:25,SHORT,11840.25,11929.75,12021.5,12021.5,12185.51,11857.49,328.02,2,-359.24,63965.44,EOD,OOS
2022-11-17,12:05,15:25,LONG,11711.5,11638.5,11551.0,11551.0,11714.89,11387.11,327.79,2,-293.24,63672.2,EOD,OOS
2022-11-18,11:05,15:25,SHORT,11665.5,11709.0,11837.5,11837.5,11995.41,11679.59,315.82,5,-438.1,63234.1,EOD,OOS
2022-11-29,11:20,15:25,SHORT,11484.0,11514.5,11622.25,11622.25,11761.64,11482.86,278.79,5,-308.1,62926.0,EOD,OOS
2022-11-30,14:30,15:25,LONG,11905.0,11972.5,11534.5,11534.5,11673.28,11395.72,277.55,5,671.9,63597.9,EOD,OOS
2022-12-02,15:20,15:25,LONG,12017.5,12011.75,11845.75,11845.75,11990.99,11700.51,290.48,3,-36.36,63561.54,EOD,OOS
2022-12-05,14:05,15:25,SHORT,11783.0,11759.5,11920.75,11920.75,12044.88,11796.62,248.25,3,139.14,63700.68,EOD,OOS
2022-12-06,10:10,15:25,SHORT,11633.25,11511.0,11799.0,11799.0,11921.71,11676.29,245.43,3,731.64,64432.32,EOD,OOS
2022-12-13,10:40,15:25,SHORT,11975.0,11830.75,12169.0,12169.0,12285.86,12052.14,233.71,6,1727.28,66159.6,EOD,OOS
2022-12-15,10:05,15:25,SHORT,11439.0,11383.0,11573.5,11573.5,11705.17,11441.83,263.34,7,779.66,66939.26,EOD,OOS
2022-12-19,11:40,15:25,SHORT,11199.5,11150.75,11354.25,11354.25,11496.47,11212.03,284.45,4,387.52,67326.78,EOD,OOS
2022-12-21,11:05,15:25,LONG,11366.25,11324.25,11217.25,11217.25,11357.38,11077.12,280.27,5,-423.1,66903.68,EOD,OOS
2022-12-22,10:15,15:25,SHORT,11052.5,11041.0,11203.0,11203.0,11330.96,11075.04,255.93,5,111.9,67015.58,EOD,OOS
2022-12-27,15:05,15:25,SHORT,10931.5,10940.5,11052.0,11052.0,11188.17,10915.83,272.34,6,-111.72,66903.86,EOD,OOS
2022-12-29,11:05,15:25,LONG,11017.5,11047.25,10885.75,10885.75,11016.58,10754.92,261.66,5,294.4,67198.26,EOD,OOS
2023-01-03,10:20,15:25,SHORT,10950.25,10943.75,11119.5,11119.5,11254.38,10984.62,269.75,5,61.9,67260.16,EOD,OOS
2023-01-06,12:05,15:25,LONG,11029.5,11133.0,10890.5,10890.5,11022.4,10758.6,263.8,6,1238.28,68498.44,EOD,OOS
2023-01-09,10:50,15:25,LONG,11360.0,11215.0,11199.5,11199.5,11333.63,11065.37,268.27,5,-1453.1,67045.34,EOD,OOS
2023-01-11,15:20,15:25,LONG,11446.5,11441.5,11323.75,11323.75,11449.39,11198.11,251.29,5,-53.1,66992.24,EOD,OOS
2023-01-12,09:55,10:15,SHORT,11357.75,11490.5,11490.25,11490.25,11616.36,11364.14,252.21,5,-1330.6,65661.64,STOP,OOS
2023-01-13,13:50,15:25,LONG,11559.5,11598.0,11424.5,11424.5,11552.39,11296.61,255.79,8,611.04,66272.68,EOD,OOS
2023-01-18,11:40,15:25,SHORT,11529.0,11517.75,11694.75,11694.75,11811.69,11577.81,233.88,9,196.92,66469.6,EOD,OOS
2023-01-20,14:05,15:25,LONG,11597.25,11656.25,11428.25,11428.25,11546.54,11309.96,236.57,9,1056.42,67526.02,EOD,OOS
2023-01-23,10:25,15:25,LONG,11850.5,11903.25,11704.0,11704.0,11823.17,11584.83,238.34,5,524.4,68050.42,EOD,OOS
2023-01-25,13:50,15:25,LONG,11817.75,11867.75,11712.5,11712.5,11828.48,11596.52,231.96,5,496.9,68547.32,EOD,OOS
2023-01-27,10:20,15:25,LONG,12156.25,12292.0,12047.0,12047.0,12168.02,11925.98,242.04,6,1625.28,70172.6,EOD,OOS
2023-01-31,13:50,15:25,LONG,12096.0,12076.75,11974.25,11974.25,12090.21,11858.29,231.93,6,-234.72,69937.88,EOD,OOS
2023-02-01,14:55,15:25,LONG,12339.5,12430.75,12143.75,12143.75,12260.48,12027.02,233.46,5,909.4,70847.28,EOD,OOS
2023-02-02,10:50,15:25,LONG,12813.0,12781.75,12681.5,12681.5,12807.77,12555.23,252.54,5,-315.6,70531.68,EOD,OOS
2023-02-03,09:55,15:25,LONG,12724.5,12629.5,12574.5,12574.5,12709.71,12439.29,270.41,4,-762.48,69769.2,EOD,OOS
2023-02-07,13:00,13:30,LONG,12694.0,12503.75,12504.0,12504.0,12644.21,12363.79,280.41,4,-1524.48,68244.72,STOP,OOS
2023-02-07,14:20,15:25,LONG,12640.75,12749.0,12504.0,12504.0,12644.21,12363.79,280.41,4,863.52,69108.24,EOD,OOS
2023-02-08,11:35,15:25,SHORT,12548.25,12533.75,12713.75,12713.75,12856.48,12571.02,285.46,4,113.52,69221.76,EOD,OOS
2023-02-09,11:35,15:25,SHORT,12586.75,12404.75,12722.75,12722.75,12868.65,12576.85,291.8,4,1453.52,70675.28,EOD,OOS
2023-02-13,12:20,15:25,LONG,12547.0,12525.75,12402.0,12402.0,12544.73,12259.27,285.46,6,-258.72,70416.56,EOD,OOS
2023-02-14,10:15,10:40,LONG,12628.5,12484.75,12473.5,12473.5,12620.1,12326.9,293.2,5,-1440.6,68975.96,STOP,OOS
2023-02-14,14:50,15:25,LONG,12619.25,12628.75,12473.5,12473.5,12620.1,12326.9,293.2,5,91.9,69067.86,EOD,OOS
2023-02-15,14:45,15:25,LONG,12702.25,12680.25,12553.25,12553.25,12699.2,12407.3,291.89,6,-267.72,68800.14,EOD,OOS
2023-02-16,12:35,15:25,LONG,12679.0,12512.75,12524.0,12524.0,12669.01,12378.99,290.02,7,-2331.84,66468.3,EOD,OOS
2023-02-23,11:30,15:25,SHORT,12083.75,12242.25,12252.25,12252.25,12388.47,12116.03,272.45,6,-1905.72,64562.58,EOD,OOS
2023-03-01,11:20,15:25,SHORT,11950.5,11945.75,12052.25,12052.25,12169.88,11934.62,235.25,7,62.16,64624.74,EOD,OOS
2023-03-02,14:05,15:25,LONG,12021.75,12050.75,11857.0,11857.0,11970.88,11743.12,227.77,7,401.66,65026.4,EOD,OOS
2023-03-03,13:15,15:25,LONG,12259.25,12307.0,12134.5,12134.5,12244.33,12024.67,219.66,7,664.16,65690.56,EOD,OOS
2023-03-06,11:20,14:00,LONG,12462.0,12365.0,12361.0,12361.0,12473.38,12248.62,224.77,7,-1362.34,64328.22,STOP,OOS
2023-03-07,10:20,15:25,SHORT,12238.25,12154.25,12324.25,12324.25,12434.9,12213.6,221.3,7,1171.66,65499.88,EOD,OOS
2023-03-09,13:50,15:25,SHORT,12117.25,11997.5,12246.25,12246.25,12352.55,12139.95,212.61,7,1672.16,67172.04,EOD,OOS
2023-03-10,09:50,11:00,SHORT,11897.25,11994.0,12018.0,12018.0,12128.54,11907.46,221.09,5,-970.6,66201.44,STOP,OOS
2023-03-10,13:05,15:25,SHORT,11907.25,11864.75,12018.0,12018.0,12128.54,11907.46,221.09,5,421.9,66623.34,EOD,OOS
2023-03-13,10:35,15:25,LONG,11902.5,11967.25,11770.75,11770.75,11883.68,11657.82,225.86,8,1031.04,67654.38,EOD,OOS
2023-03-14,11:30,14:10,LONG,12207.0,12098.25,12076.75,12076.75,12192.59,11960.91,231.68,7,-1526.84,66127.54,STOP,OOS
2023-03-15,14:35,15:25,LONG,12235.0,12257.5,12088.0,12088.0,12208.72,11967.28,241.45,5,221.9,66349.44,EOD,OOS
2023-03-16,11:00,15:25,LONG,12379.25,12593.0,12219.5,12219.5,12340.9,12098.1,242.8,5,2134.4,68483.84,EOD,OOS
2023-03-22,14:50,15:00,LONG,13003.5,12872.25,12872.5,12872.5,13000.57,12744.43,256.14,9,-2368.08,66115.76,STOP,OOS
2023-03-23,10:55,14:25,LONG,12996.25,12854.75,12855.0,12855.0,12991.31,12718.69,272.62,6,-1701.72,64414.04,STOP,OOS
2023-03-31,12:35,15:25,LONG,13228.0,13297.0,13092.0,13092.0,13222.71,12961.29,261.41,7,961.66,65375.7,EOD,OOS
2023-04-05,11:00,15:25,SHORT,13031.75,13054.75,13174.0,13174.0,13289.72,13058.28,231.45,8,-372.96,65002.74,EOD,OOS
2023-04-06,12:05,15:25,LONG,13137.5,13173.75,13012.25,13012.25,13126.76,12897.74,229.02,7,503.16,65505.9,EOD,OOS
2023-04-12,11:15,15:25,SHORT,12999.5,12951.5,13156.75,13156.75,13262.72,13050.78,211.95,12,1144.56,66650.46,EOD,OOS
2023-04-13,10:20,15:25,LONG,13130.0,13219.0,13028.0,13028.0,13128.88,12927.12,201.75,11,1951.18,68601.64,EOD,OOS
2023-04-14,10:05,10:20,LONG,13178.0,13139.0,13139.25,13139.25,13237.88,13040.62,197.27,7,-550.34,68051.3,STOP,OOS
2023-04-18,10:35,15:25,SHORT,13177.0,13172.75,13280.25,13280.25,13377.4,13183.1,194.3,8,63.04,68114.34,EOD,OOS
2023-04-19,12:20,15:25,LONG,13183.25,13202.0,13085.25,13085.25,13182.21,12988.29,193.91,8,295.04,68409.38,EOD,OOS
2023-04-20,12:35,15:15,LONG,13150.75,13051.25,13051.5,13051.5,13144.47,12958.53,185.95,10,-1996.2,66413.18,STOP,OOS
2023-04-24,11:55,15:25,SHORT,12978.75,13050.0,13077.5,13077.5,13168.34,12986.66,181.68,16,-2289.92,64123.26,EOD,OOS
2023-04-25,12:40,15:25,SHORT,12903.75,12842.5,12988.5,12988.5,13080.04,12896.96,183.09,15,1828.2,65951.46,EOD,OOS
2023-04-27,11:35,15:25,LONG,13131.0,13240.0,13040.75,13040.75,13135.22,12946.28,188.95,8,1739.04,67690.5,EOD,OOS
2023-05-02,10:40,15:25,SHORT,13172.25,13201.0,13301.0,13301.0,13398.04,13203.96,194.09,5,-290.6,67399.9,EOD,OOS
2023-05-05,10:20,15:25,LONG,13230.25,13340.75,13139.0,13139.0,13230.25,13047.75,182.5,12,2644.56,70044.46,EOD,OOS
2023-05-12,12:55,15:25,SHORT,13327.5,13359.75,13467.75,13467.75,13561.54,13373.96,187.59,8,-520.96,69523.5,EOD,OOS
2023-05-16,12:00,15:25,LONG,13536.75,13536.5,13436.25,13436.25,13525.93,13346.57,179.36,12,-13.44,69510.06,EOD,OOS
2023-05-17,13:10,15:25,LONG,13622.75,13638.0,13525.0,13525.0,13611.68,13438.32,173.36,13,388.44,69898.5,EOD,OOS
2023-05-18,10:35,15:25,LONG,13787.0,13846.25,13653.75,13653.75,13734.12,13573.38,160.73,15,1768.2,71666.7,EOD,OOS
2023-05-23,14:40,15:25,SHORT,13732.0,13738.75,13831.25,13831.25,13912.05,13750.45,161.61,11,-155.32,71511.38,EOD,OOS
2023-05-25,09:50,11:10,SHORT,13878.75,13955.0,13954.75,13954.75,14035.74,13873.76,161.98,8,-1224.96,70286.42,STOP,OOS
2023-05-26,10:55,15:25,LONG,14255.25,14346.5,14018.0,14018.0,14101.39,13934.61,166.79,6,1091.28,71377.7,EOD,OOS
2023-05-30,12:45,15:25,SHORT,14423.5,14416.5,14510.0,14510.0,14603.3,14416.7,186.61,5,66.9,71444.6,EOD,OOS
2023-06-01,11:35,15:25,LONG,14388.0,14483.25,14298.25,14298.25,14394.97,14201.53,193.45,6,1139.28,72583.88,EOD,OOS
2023-06-05,11:35,14:30,LONG,14679.0,14568.25,14568.5,14568.5,14670.45,14466.55,203.89,8,-1776.96,70806.92,STOP,OOS
2023-06-07,10:55,15:25,SHORT,14474.25,14355.75,14592.0,14592.0,14694.77,14489.23,205.54,12,2836.56,73643.48,EOD,OOS
2023-06-08,11:10,15:25,LONG,14477.0,14488.25,14337.75,14337.75,14446.79,14228.71,218.09,8,175.04,73818.52,EOD,OOS
2023-06-09,10:20,10:55,LONG,14672.0,14589.0,14561.75,14561.75,14668.62,14454.88,213.75,8,-1332.96,72485.56,STOP,OOS
2023-06-12,15:15,15:25,LONG,14769.5,14769.5,14622.75,14622.75,14732.38,14513.12,219.27,8,-4.96,72480.6,EOD,OOS
2023-06-15,10:50,15:25,LONG,15075.75,15223.0,14958.0,14958.0,15074.89,14841.11,233.79,12,3526.56,76007.16,EOD,OOS
2023-06-21,10:50,15:25,SHORT,15053.75,15096.5,15201.75,15201.75,15309.22,15094.28,214.95,16,-1377.92,74629.24,EOD,OOS
2023-06-22,10:05,15:25,LONG,15079.25,15160.25,14981.75,14981.75,15090.11,14873.39,216.71,9,1452.42,76081.66,EOD,OOS
2023-06-26,12:20,15:25,SHORT,14930.75,14922.0,15036.0,15036.0,15146.03,14925.97,220.05,8,135.04,76216.7,EOD,OOS
2023-06-27,12:50,15:25,LONG,15060.5,15138.25,14917.75,14917.75,15032.81,14802.69,230.12,8,1239.04,77455.74,EOD,OOS
2023-06-28,10:40,15:25,LONG,15182.75,15104.75,15029.5,15029.5,15149.22,14909.78,239.45,7,-1096.34,76359.4,EOD,OOS
2023-07-05,10:40,15:25,LONG,15407.25,15385.5,15294.0,15294.0,15410.09,15177.91,232.18,8,-352.96,76006.44,EOD,OOS
2023-07-07,13:15,15:25,LONG,15343.75,15250.5,15220.75,15220.75,15334.93,15106.57,228.36,11,-2058.32,73948.12,EOD,OOS
2023-07-13,15:15,15:25,LONG,15709.0,15718.0,15576.0,15576.0,15684.68,15467.32,217.36,12,208.56,74156.68,EOD,OOS
2023-07-14,10:20,14:25,LONG,15842.5,15721.25,15721.5,15721.5,15831.54,15611.46,220.07,11,-2674.32,71482.36,STOP,OOS
2023-07-17,15:05,15:25,LONG,15836.5,15868.5,15729.75,15729.75,15837.84,15621.66,216.18,12,760.56,72242.92,EOD,OOS
2023-07-18,13:20,15:25,LONG,15922.25,16008.5,15815.0,15815.0,15921.48,15708.52,212.96,13,2234.44,74477.36,EOD,OOS
2023-07-20,10:40,15:25,SHORT,15726.75,15552.75,15833.75,15833.75,15935.49,15732.01,203.48,13,4515.94,78993.3,EOD,OOS
2023-07-21,10:40,15:25,SHORT,15571.25,15551.5,15688.0,15688.0,15797.47,15578.53,218.95,8,311.04,79304.34,EOD,OOS
2023-07-25,13:05,15:25,LONG,15689.25,15701.5,15588.75,15588.75,15696.13,15481.37,214.77,8,191.04,79495.38,EOD,OOS
2023-07-27,13:40,15:25,SHORT,15739.75,15571.75,15835.25,15835.25,15941.0,15729.5,211.5,9,3018.42,82513.8,EOD,OOS
2023-07-28,11:25,15:25,LONG,15864.0,15844.25,15738.0,15738.0,15851.03,15624.97,226.05,16,-641.92,81871.88,EOD,OOS
2023-08-02,10:20,15:25,SHORT,15554.75,15435.25,15667.75,15667.75,15780.74,15554.76,225.98,11,2622.18,84494.06,EOD,OOS
2023-08-03,12:50,15:25,LONG,15508.0,15440.5,15358.25,15358.25,15475.32,15241.18,234.14,7,-949.34,83544.72,EOD,OOS
2023-08-04,15:00,15:25,SHORT,15378.5,15378.25,15511.75,15511.75,15627.87,15395.63,232.23,7,-0.84,83543.88,EOD,OOS
2023-08-08,10:25,15:25,SHORT,15285.0,15333.0,15379.25,15379.25,15493.57,15264.93,228.64,9,-869.58,82674.3,EOD,OOS
2023-08-09,11:25,15:25,SHORT,15171.0,15249.25,15360.75,15360.75,15479.3,15242.2,237.11,9,-1414.08,81260.22,EOD,OOS
2023-08-10,10:05,11:00,LONG,15425.0,15301.0,15301.25,15301.25,15413.17,15189.33,223.84,13,-3232.06,78028.16,STOP,OOS
2023-08-10,14:00,15:25,SHORT,15170.25,15205.5,15301.25,15301.25,15413.17,15189.33,223.84,13,-924.56,77103.6,EOD,OOS
2023-08-14,10:55,15:25,LONG,15230.25,15223.75,15068.0,15068.0,15184.86,14951.14,233.71,11,-149.82,76953.78,EOD,OOS
2023-08-17,10:35,15:25,SHORT,14873.5,14795.0,14994.25,14994.25,15107.79,14880.71,227.07,9,1407.42,78361.2,EOD,OOS
2023-08-18,14:40,15:25,LONG,14760.25,14754.5,14632.0,14632.0,14742.83,14521.17,221.66,10,-121.2,78240.0,EOD,OOS
2023-08-21,13:45,15:25,LONG,14956.75,14989.5,14808.5,14808.5,14922.5,14694.5,228.0,10,648.8,78888.8,EOD,OOS
2023-08-22,12:20,15:25,SHORT,14949.5,14970.25,15091.75,15091.75,15210.34,14973.16,237.18,8,-336.96,78551.84,EOD,OOS
2023-08-23,10:25,15:25,LONG,15127.5,15227.25,15008.75,15008.75,15118.69,14898.81,219.88,9,1789.92,80341.76,EOD,OOS
2023-08-24,09:50,15:25,SHORT,15217.75,14922.5,15335.25,15335.25,15449.1,15221.4,227.7,8,4719.04,85060.8,EOD,OOS
2023-08-25,11:05,12:40,SHORT,14818.0,14874.5,14897.0,14897.0,15018.37,14775.63,242.73,7,-795.34,84265.46,STOP,OOS
2023-08-29,10:35,15:25,LONG,15299.0,15426.25,15076.75,15076.75,15198.79,14954.71,244.09,7,1777.16,86042.62,EOD,OOS
2023-09-01,11:15,15:25,SHORT,15517.5,15513.25,15633.5,15633.5,15753.5,15513.5,240.0,13,102.44,86145.06,EOD,OOS
2023-09-06,11:10,15:25,SHORT,15357.5,15360.5,15500.0,15500.0,15616.73,15383.27,233.46,12,-79.44,86065.62,EOD,OOS
2023-09-18,12:50,15:25,LONG,15442.0,15405.25,15355.75,15355.75,15454.14,15257.36,196.79,12,-889.44,85176.18,EOD,OOS
2023-09-20,14:10,15:25,SHORT,15309.0,15252.5,15419.25,15419.25,15512.39,15326.11,186.29,15,1685.7,86861.88,EOD,OOS
2023-09-25,12:25,15:25,LONG,14928.75,14890.75,14825.25,14825.25,14922.62,14727.88,194.73,13,-996.06,85865.82,EOD,OOS
2023-09-26,12:05,15:25,SHORT,14749.25,14674.75,14825.0,14825.0,14920.87,14729.13,191.73,10,1483.8,87349.62,EOD,OOS
2023-09-27,12:20,14:45,SHORT,14646.75,14731.5,14753.25,14753.25,14853.64,14652.86,200.79,10,-1701.2,85648.42,STOP,OOS
2023-09-28,12:00,15:25,LONG,14905.25,14909.5,14695.25,14695.25,14796.01,14594.49,201.52,10,78.8,85727.22,EOD,OOS
2023-09-29,13:20,15:25,SHORT,14844.0,14877.5,15002.0,15002.0,15104.58,14899.42,205.16,12,-811.44,84915.78,EOD,OOS
2023-10-02,10:05,13:10,LONG,14961.25,14873.75,14874.0,14874.0,14980.68,14767.32,213.36,12,-2107.44,82808.34,STOP,OOS
2023-10-03,11:05,15:25,SHORT,14734.5,14664.75,14879.5,14879.5,14986.04,14772.96,213.09,11,1527.68,84336.02,EOD,OOS
2023-10-04,12:00,15:25,LONG,14870.0,14917.25,14753.25,14753.25,14865.2,14641.3,223.89,10,938.8,85274.82,EOD,OOS
2023-10-05,10:10,15:25,SHORT,14785.5,14883.0,14909.25,14909.25,15023.8,14794.7,229.11,9,-1760.58,83514.24,EOD,OOS
2023-10-06,10:50,15:25,LONG,14871.0,15150.5,14736.25,14736.25,14851.86,14620.64,231.21,9,5025.42,88539.66,EOD,OOS
2023-10-09,14:00,15:25,LONG,15188.25,15192.25,15012.25,15012.25,15139.46,14885.04,254.43,8,59.04,88598.7,EOD,OOS
2023-10-10,11:20,15:25,LONG,15357.5,15287.5,15200.25,15200.25,15330.99,15069.51,261.48,8,-1124.96,87473.74,EOD,OOS
2023-10-12,14:20,15:25,SHORT,15257.75,15302.0,15393.0,15393.0,15515.11,15270.89,244.21,15,-1336.8,86136.94,EOD,OOS
2023-10-13,11:25,15:25,SHORT,15159.0,15109.0,15342.25,15342.25,15467.17,15217.33,249.84,15,1490.7,87627.64,EOD,OOS
2023-10-16,10:35,15:25,LONG,15304.0,15331.75,15175.75,15175.75,15305.97,15045.53,260.45,13,713.44,88341.08,EOD,OOS
2023-10-17,11:50,15:25,LONG,15264.75,15217.25,15138.75,15138.75,15267.04,15010.46,256.59,11,-1051.82,87289.26,EOD,OOS
2023-10-19,15:00,15:25,SHORT,14921.25,14896.0,15087.75,15087.75,15215.88,14959.62,256.25,11,548.68,87837.94,EOD,OOS
2023-10-20,11:00,15:25,SHORT,14702.25,14697.0,14862.0,14862.0,14991.42,14732.58,258.84,11,108.68,87946.62,EOD,OOS
2023-10-23,11:40,15:25,LONG,14740.0,14737.0,14602.0,14602.0,14732.68,14471.32,261.36,10,-66.2,87880.42,EOD,OOS
2023-10-25,12:10,15:25,SHORT,14577.0,14487.75,14741.5,14741.5,14870.02,14612.98,257.04,10,1778.8,89659.22,EOD,OOS
2023-10-26,10:25,15:25,SHORT,14317.25,14264.75,14420.75,14420.75,14555.85,14285.65,270.2,8,835.04,90494.26,EOD,OOS
2023-11-01,14:35,15:25,LONG,14618.5,14730.5,14519.75,14519.75,14651.11,14388.39,262.71,7,1563.66,92057.92,EOD,OOS
2023-11-03,12:35,15:25,LONG,15189.75,15196.25,15051.0,15051.0,15181.66,14920.34,261.32,12,148.56,92206.48,EOD,OOS
2023-11-07,13:50,15:25,LONG,15399.25,15396.5,15275.75,15275.75,15401.88,15149.62,252.25,12,-73.44,92133.04,EOD,OOS
2023-11-09,14:20,15:25,SHORT,15314.5,15256.0,15404.0,15404.0,15521.97,15286.03,235.95,13,1512.94,93645.98,EOD,OOS
2023-11-10,12:10,15:25,LONG,15476.75,15589.75,15328.0,15328.0,15445.34,15210.66,234.68,14,3155.32,96801.3,EOD,OOS
2023-11-20,11:05,15:25,LONG,16013.25,16105.5,15895.0,15895.0,15996.25,15793.75,202.5,12,2206.56,99007.86,EOD,OOS
2023-11-29,11:35,15:25,SHORT,16054.0,16022.0,16147.25,16147.25,16238.88,16055.62,183.25,18,1140.84,100148.7,EOD,OOS
2023-11-30,10:05,15:25,SHORT,15939.25,15884.0,16032.5,16032.5,16124.34,15940.66,183.68,20,2197.6,102346.3,EOD,OOS
2023-12-01,12:55,15:25,LONG,16038.5,16031.0,15933.5,15933.5,16027.64,15839.36,188.29,20,-312.4,102033.9,EOD,OOS
2023-12-04,10:35,12:45,SHORT,15740.75,15855.75,15862.25,15862.25,15955.29,15769.21,186.07,20,-4612.4,97421.5,STOP,OOS
2023-12-05,10:05,15:25,LONG,15909.25,15894.75,15791.0,15791.0,15882.51,15699.49,183.02,20,-592.4,96829.1,EOD,OOS
2023-12-06,10:05,15:25,SHORT,15953.75,15827.5,16033.75,16033.75,16126.92,15940.58,186.34,20,5037.6,101866.7,EOD,OOS
2023-12-07,12:30,15:25,LONG,16046.0,16040.0,15934.25,15934.25,16022.63,15845.87,176.77,20,-252.4,101614.3,EOD,OOS
2023-12-08,10:25,15:25,LONG,16098.0,16108.5,15956.0,15956.0,16048.17,15863.83,184.34,14,285.32,101899.62,EOD,OOS
2023-12-11,10:55,15:25,LONG,16177.0,16217.0,16077.5,16077.5,16171.91,15983.09,188.82,14,1111.32,103010.94,EOD,OOS
2023-12-12,15:15,15:25,LONG,16344.25,16351.25,16232.25,16232.25,16328.88,16135.62,193.27,17,227.46,103238.4,EOD,OOS
2023-12-13,14:45,15:25,LONG,16543.75,16508.5,16398.75,16398.75,16493.96,16303.54,190.41,17,-1209.04,102029.36,EOD,OOS
2023-12-14,13:05,15:25,SHORT,16502.0,16522.0,16607.75,16607.75,16705.02,16510.48,194.54,20,-812.4,101216.96,EOD,OOS
2023-12-18,13:35,15:25,LONG,16948.0,16969.75,16846.5,16846.5,16945.96,16747.04,198.91,20,857.6,102074.56,EOD,OOS
2023-12-20,15:05,15:25,SHORT,16822.5,16792.75,16986.0,16986.0,17095.71,16876.29,219.41,14,824.32,102898.88,EOD,OOS
2023-12-29,11:30,15:25,SHORT,16948.0,17035.0,17089.0,17089.0,17186.2,16991.8,194.39,20,-3492.4,99406.48,EOD,OOS
2024-01-02,09:55,15:25,SHORT,16763.0,16645.5,16862.0,16862.0,16956.3,16767.7,188.61,20,4687.6,104094.08,EOD,OOS
2024-01-04,11:25,15:25,LONG,16566.0,16484.5,16453.25,16453.25,16556.33,16350.17,206.16,17,-2781.54,101312.54,EOD,OOS
2024-01-05,10:35,12:35,LONG,16554.75,16468.0,16449.0,16449.0,16550.88,16347.12,203.75,17,-2960.04,98352.5,STOP,OOS
2024-01-08,10:05,15:25,LONG,16637.5,16777.75,16512.0,16512.0,16611.88,16412.12,199.75,17,4757.96,103110.46,EOD,OOS
2024-01-09,11:25,15:25,LONG,16780.0,16825.75,16669.0,16669.0,16772.52,16565.48,207.04,9,817.92,103928.38,EOD,OOS
2024-01-10,14:20,15:25,LONG,16957.75,16938.75,16840.0,16840.0,16935.6,16744.4,191.2,11,-424.82,103503.56,EOD,OOS
2024-01-11,10:35,15:25,SHORT,16899.75,16947.0,16984.5,16984.5,17083.38,16885.62,197.77,13,-1236.56,102267.0,EOD,OOS
2024-01-16,10:55,12:10,LONG,17014.25,16932.0,16916.5,16916.5,17011.96,16821.04,190.93,15,-2476.8,99790.2,STOP,OOS
2024-01-17,10:05,11:20,SHORT,16735.25,16825.25,16825.0,16825.0,16921.67,16728.33,193.34,20,-3612.4,96177.8,STOP,OOS
2024-01-19,13:25,15:25,LONG,17351.25,17429.75,17190.5,17190.5,17299.05,17081.95,217.11,16,2502.08,98679.88,EOD,OOS
2024-01-25,13:35,15:25,SHORT,17619.5,17598.25,17722.5,17722.5,17832.4,17612.6,219.8,16,670.08,99349.96,EOD,OOS
2024-01-29,15:10,15:25,LONG,17671.0,17704.25,17548.25,17548.25,17659.05,17437.45,221.61,20,1317.6,100667.56,EOD,OOS
2024-01-31,15:20,15:25,SHORT,17306.25,17298.75,17399.75,17399.75,17503.42,17296.08,207.34,17,244.46,100912.02,EOD,OOS
2024-02-01,15:05,15:25,LONG,17436.0,17438.0,17307.25,17307.25,17417.02,17197.48,219.54,11,37.18,100949.2,EOD,OOS
2024-02-02,10:55,15:25,LONG,17639.5,17766.0,17508.25,17508.25,17615.35,17401.15,214.2,10,2523.8,103473.0,EOD,OOS
2024-02-05,10:55,14:30,SHORT,17592.75,17722.75,17722.5,17722.5,17836.96,17608.04,228.93,8,-2084.96,101388.04,STOP,OOS
2024-02-06,10:50,15:25,SHORT,17632.5,17635.75,17741.5,17741.5,17856.4,17626.6,229.8,9,-64.08,101323.96,EOD,OOS
2024-02-09,13:05,15:25,LONG,18024.0,18042.0,17909.0,17909.0,18010.86,17807.14,203.71,16,566.08,101890.04,EOD,OOS
2024-02-13,10:45,14:00,LONG,17773.25,17628.0,17628.25,17628.25,17734.06,17522.44,211.62,19,-5531.28,96358.76,STOP,OOS
2024-02-16,10:05,15:25,SHORT,17765.25,17788.5,17926.75,17926.75,18038.45,17815.05,223.39,11,-518.32,95840.44,EOD,OOS
2024-02-20,10:15,15:25,SHORT,17529.25,17586.75,17661.75,17661.75,17774.18,17549.32,224.86,11,-1271.82,94568.62,EOD,OOS
2024-02-22,13:10,15:25,LONG,18007.75,18059.0,17896.0,17896.0,18009.21,17782.79,226.41,13,1324.44,95893.06,EOD,OOS
2024-02-23,11:05,15:25,SHORT,17966.75,17972.25,18105.75,18105.75,18230.92,17980.58,250.34,7,-81.34,95811.72,EOD,OOS
2024-03-01,11:10,15:25,LONG,18216.75,18344.25,18096.5,18096.5,18212.11,17980.89,231.21,16,4070.08,99881.8,EOD,OOS
2024-03-05,10:25,15:25,SHORT,17961.5,17841.75,18133.75,18133.75,18249.7,18017.8,231.89,15,3583.2,103465.0,EOD,OOS
2024-03-07,12:10,15:25,LONG,18310.25,18303.5,18182.25,18182.25,18299.78,18064.72,235.05,10,-141.2,103323.8,EOD,OOS
2024-03-08,11:50,15:25,SHORT,18189.25,18050.75,18318.5,18318.5,18441.85,18195.15,246.7,9,2487.42,105811.22,EOD,OOS
2024-03-12,11:35,15:25,LONG,18189.0,18220.0,18064.75,18064.75,18190.35,17939.15,251.2,10,613.8,106425.02,EOD,OOS
2024-03-14,10:05,15:25,SHORT,18016.5,17946.25,18126.0,18126.0,18241.45,18010.55,230.89,10,1398.8,107823.82,EOD,OOS
2024-03-19,13:50,15:25,LONG,18253.5,18232.25,18143.5,18143.5,18269.38,18017.62,251.75,14,-603.68,107220.14,EOD,OOS
2024-03-20,15:20,15:25,LONG,18476.5,18486.0,18318.0,18318.0,18447.88,18188.12,259.77,14,257.32,107477.46,EOD,OOS
2024-03-27,10:05,15:25,SHORT,18409.25,18436.5,18566.25,18566.25,18687.29,18445.21,242.07,20,-1102.4,106375.06,EOD,OOS
2024-04-03,10:05,15:25,LONG,18333.25,18333.25,18240.75,18240.75,18348.92,18132.58,216.34,20,-12.4,106362.66,EOD,OOS
2024-04-04,14:20,15:25,SHORT,18400.25,18109.75,18541.5,18541.5,18646.12,18436.88,209.25,20,11607.6,117970.26,EOD,OOS
2024-04-05,11:00,15:25,LONG,18298.5,18289.0,18138.25,18138.25,18254.04,18022.46,231.59,19,-372.78,117597.48,EOD,OOS
2024-04-09,10:55,15:25,SHORT,18216.75,18328.5,18391.0,18391.0,18502.76,18279.24,223.52,14,-3137.68,114459.8,EOD,OOS
2024-04-11,13:35,15:25,LONG,18401.75,18501.75,18265.25,18265.25,18377.36,18153.14,224.21,13,2591.94,117051.74,EOD,OOS
2024-04-12,12:50,15:25,SHORT,18164.25,18140.25,18296.75,18296.75,18413.37,18180.13,233.23,15,710.7,117762.44,EOD,OOS
2024-04-15,11:10,15:25,SHORT,18180.75,17858.75,18335.25,18335.25,18460.29,18210.21,250.09,12,7720.56,125483.0,EOD,OOS
2024-04-17,11:20,15:25,SHORT,17792.0,17655.75,17957.25,17957.25,18094.45,17820.05,274.39,11,2990.68,128473.68,EOD,OOS
2024-04-18,14:35,15:25,SHORT,17539.5,17562.5,17673.0,17673.0,17815.55,17530.45,285.11,11,-512.82,127960.86,EOD,OOS
2024-04-19,11:25,15:25,SHORT,17333.0,17182.0,17494.5,17494.5,17641.79,17347.21,294.57,20,6027.6,133988.46,EOD,OOS
2024-04-22,14:35,15:25,LONG,17423.25,17389.0,17288.5,17288.5,17444.3,17132.7,311.61,20,-1382.4,132606.06,EOD,OOS
2024-04-23,10:35,15:25,LONG,17578.5,17624.25,17428.75,17428.75,17584.74,17272.76,311.98,14,1272.32,133878.38,EOD,OOS
2024-04-25,13:40,15:25,LONG,17535.0,17597.75,17354.0,17354.0,17503.4,17204.6,298.8,12,1498.56,135376.94,EOD,OOS
2024-04-26,11:05,15:25,LONG,17862.25,17888.25,17697.25,17697.25,17847.3,17547.2,300.11,12,616.56,135993.5,EOD,OOS
2024-05-01,15:00,15:25,LONG,17728.75,17717.5,17501.5,17501.5,17658.47,17344.53,313.95,13,-300.56,135692.94,EOD,OOS
2024-05-08,10:50,15:25,LONG,18232.0,18183.75,18083.75,18083.75,18228.94,17938.56,290.38,16,-1553.92,134139.02,EOD,OOS
2024-05-14,15:00,15:25,LONG,18409.0,18418.75,18274.0,18274.0,18394.04,18153.96,240.07,20,377.6,134516.62,EOD,OOS
2024-05-15,13:15,15:25,LONG,18643.25,18694.0,18509.25,18509.25,18627.14,18391.36,235.79,20,2017.6,136534.22,EOD,OOS
2024-05-20,10:50,15:25,LONG,18754.75,18778.75,18643.75,18643.75,18751.03,18536.47,214.55,20,947.6,137481.82,EOD,OOS
2024-06-03,10:55,15:25,SHORT,18590.0,18588.25,18712.75,18712.75,18813.13,18612.37,200.77,20,57.6,137539.42,EOD,OOS
2024-06-05,11:25,15:25,LONG,18964.75,19032.5,18849.0,18849.0,18957.76,18740.24,217.52,20,2697.6,140237.02,EOD,OOS
2024-06-10,12:20,15:25,LONG,19106.25,19115.0,18988.5,18988.5,19100.64,18876.36,224.29,20,337.6,140574.62,EOD,OOS
2024-06-11,14:05,15:25,LONG,19155.75,19194.25,19058.0,19058.0,19169.89,18946.11,223.79,20,1527.6,142102.22,EOD,OOS
2024-06-12,10:35,15:25,LONG,19513.25,19466.0,19401.75,19401.75,19517.99,19285.51,232.48,20,-1902.4,140199.82,EOD,OOS
2024-06-17,12:50,15:25,LONG,19839.75,19988.25,19693.75,19693.75,19806.68,19580.82,225.86,20,5927.6,146127.42,EOD,OOS
2024-06-20,12:35,15:25,SHORT,19768.5,19761.0,19970.75,19970.75,20089.17,19852.33,236.84,20,287.6,146415.02,EOD,OOS
2024-06-24,13:35,15:25,SHORT,19829.5,19832.0,19922.0,19922.0,20041.56,19802.44,239.12,20,-112.4,146302.62,EOD,OOS
2024-06-25,11:35,15:25,LONG,19937.75,19980.25,19830.25,19830.25,19945.01,19715.49,229.52,20,1687.6,147990.22,EOD,OOS
2024-06-28,10:15,12:05,LONG,20228.25,20070.0,20070.25,20070.25,20171.83,19968.67,203.16,20,-6342.4,141647.82,STOP,OOS
2024-07-02,11:10,15:25,LONG,20116.0,20225.5,19982.0,19982.0,20096.75,19867.25,229.5,20,4367.6,146015.42,EOD,OOS
2024-07-05,11:55,15:25,LONG,20596.5,20622.75,20441.5,20441.5,20560.92,20322.08,238.84,20,1037.6,147053.02,EOD,OOS
2024-07-10,14:05,15:25,LONG,20872.25,20869.75,20758.0,20758.0,20872.74,20643.26,229.48,20,-112.4,146940.62,EOD,OOS
2024-07-11,10:25,15:25,SHORT,20691.5,20436.0,20894.5,20894.5,21012.95,20776.05,236.89,20,10207.6,157148.22,EOD,OOS
2024-07-12,10:55,15:25,LONG,20636.75,20675.5,20443.25,20443.25,20567.6,20318.9,248.7,13,999.44,158147.66,EOD,OOS
2024-07-15,11:25,12:20,LONG,20734.5,20654.5,20610.0,20610.0,20742.01,20477.99,264.02,16,-2569.92,155577.74,STOP,OOS
2024-07-16,12:35,15:25,SHORT,20503.25,20578.25,20649.25,20649.25,20781.09,20517.41,263.68,15,-2259.3,153318.44,EOD,OOS
2024-07-17,10:55,15:25,SHORT,20123.0,20056.5,20260.0,20260.0,20390.59,20129.41,261.18,15,1985.7,155304.14,EOD,OOS
2024-07-18,10:45,15:25,SHORT,19953.25,19824.0,20141.5,20141.5,20285.51,19997.49,288.02,12,3094.56,158398.7,EOD,OOS
2024-07-19,12:50,15:25,SHORT,19712.5,19769.0,19868.5,19868.5,20022.31,19714.69,307.62,14,-1590.68,156808.02,EOD,OOS
2024-07-24,10:20,15:25,SHORT,19483.25,19217.5,19640.0,19640.0,19795.36,19484.64,310.71,12,6370.56,163178.58,EOD,OOS
2024-07-25,10:15,11:00,SHORT,19005.5,19166.0,19217.25,19217.25,19389.57,19044.93,344.64,11,-3537.82,159640.76,STOP,OOS
2024-07-30,11:15,15:25,SHORT,19030.5,18936.25,19287.25,19287.25,19475.27,19099.23,376.04,11,2066.68,161707.44,EOD,OOS
2024-08-01,11:10,15:25,SHORT,19274.75,18976.5,19525.25,19525.25,19727.09,19323.41,403.68,12,7150.56,168858.0,EOD,OOS
2024-08-02,10:20,15:25,SHORT,18450.5,18553.5,18651.25,18651.25,18870.88,18431.62,439.25,10,-2066.2,166791.8,EOD,OOS
2024-08-05,09:50,15:25,LONG,17881.75,17983.0,17562.5,17562.5,17794.7,17330.3,464.39,9,1816.92,168608.72,EOD,OOS
2024-08-06,12:05,15:25,LONG,18335.25,18341.75,18077.25,18077.25,18339.16,17815.34,523.82,9,111.42,168720.14,EOD,OOS
2024-08-07,13:20,15:25,SHORT,18215.75,18091.25,18453.5,18453.5,18712.2,18194.8,517.39,8,1987.04,170707.18,EOD,OOS
2024-08-08,13:40,15:25,LONG,18505.75,18443.0,18225.25,18225.25,18491.7,17958.8,532.89,14,-1765.68,168941.5,EOD,OOS
2024-08-22,11:50,15:25,SHORT,19691.75,19582.5,19998.0,19998.0,20215.35,19780.65,434.7,18,3921.84,172863.34,EOD,OOS
2024-08-26,10:40,15:25,SHORT,19543.75,19586.5,19763.25,19763.25,19948.74,19577.76,370.98,18,-1550.16,171313.18,EOD,OOS
2024-08-28,11:05,15:25,SHORT,19435.0,19455.25,19625.5,19625.5,19790.22,19460.78,329.45,19,-781.28,170531.9,EOD,OOS
2024-08-29,10:55,14:30,LONG,19641.25,19497.25,19497.5,19497.5,19654.92,19340.08,314.84,19,-5483.78,165048.12,STOP,OOS
2024-08-30,12:35,15:25,SHORT,19397.0,19563.5,19559.25,19559.25,19719.69,19398.81,320.88,20,-6672.4,158375.72,EOD,OOS
2024-09-03,10:20,15:25,SHORT,19314.25,19036.0,19477.75,19477.75,19638.96,19316.54,322.41,20,11117.6,169493.32,EOD,OOS
2024-09-04,11:05,15:25,LONG,19064.25,18966.0,18878.0,18878.0,19047.46,18708.54,338.91,13,-2562.56,166930.76,EOD,OOS
2024-09-05,10:05,11:25,LONG,19082.25,18886.25,18886.5,18886.5,19055.98,18717.02,338.96,13,-5104.06,161826.7,STOP,OOS
2024-09-06,10:05,15:25,SHORT,18764.25,18511.5,18929.75,18929.75,19092.54,18766.96,325.59,13,6563.44,168390.14,EOD,OOS
2024-09-11,10:20,12:20,SHORT,18676.0,18889.5,18902.75,18902.75,19079.53,18725.97,353.55,13,-5559.06,162831.08,STOP,OOS
2024-09-11,14:45,15:25,LONG,19143.0,19199.25,18902.75,18902.75,19079.53,18725.97,353.55,13,1454.44,164285.52,EOD,OOS
2024-09-12,14:05,15:25,LONG,19454.5,19446.75,19259.5,19259.5,19455.38,19063.62,391.77,11,-177.32,164108.2,EOD,OOS
2024-09-26,10:35,15:25,SHORT,20362.25,20345.75,20503.25,20503.25,20673.72,20332.78,340.95,18,582.84,164691.04,EOD,OOS
2024-09-27,14:40,15:25,SHORT,20212.75,20240.25,20377.0,20377.0,20548.25,20205.75,342.5,20,-1112.4,163578.64,EOD,OOS
2024-10-01,09:55,15:25,SHORT,20043.5,20038.5,20252.0,20252.0,20409.71,20094.29,315.41,20,187.6,163766.24,EOD,OOS
2024-10-03,10:10,12:55,LONG,20025.5,19919.75,19912.25,19912.25,20058.37,19766.13,292.23,20,-4242.4,159523.84,STOP,OOS
2024-10-04,10:40,15:25,SHORT,20092.0,20196.25,20227.5,20227.5,20371.4,20083.6,287.8,20,-4182.4,155341.44,EOD,OOS
2024-10-07,15:05,15:25,SHORT,20011.25,19996.0,20137.0,20137.0,20283.62,19990.38,293.25,19,567.72,155909.16,EOD,OOS
2024-10-08,10:50,15:25,LONG,20239.75,20288.25,20103.25,20103.25,20251.7,19954.8,296.89,17,1638.46,157547.62,EOD,OOS
2024-10-09,14:50,15:25,LONG,20432.0,20432.0,20282.75,20282.75,20433.21,20132.29,300.91,17,-10.54,157537.08,EOD,OOS
2024-10-11,15:20,15:25,LONG,20482.75,20481.25,20340.5,20340.5,20473.12,20207.88,265.25,17,-61.54,157475.54,EOD,OOS
2024-10-15,10:40,15:25,SHORT,20389.75,20294.5,20631.75,20631.75,20759.63,20503.87,255.77,20,3797.6,161273.14,EOD,OOS
2024-10-17,10:10,15:25,SHORT,20414.25,20381.25,20573.0,20573.0,20704.89,20441.11,263.79,20,1307.6,162580.74,EOD,OOS
2024-10-22,14:05,15:25,LONG,20571.0,20546.25,20402.75,20402.75,20524.47,20281.03,243.45,20,-1002.4,161578.34,EOD,OOS
2024-10-23,11:35,15:25,SHORT,20330.5,20185.75,20434.75,20434.75,20555.66,20313.84,241.82,20,5777.6,167355.94,EOD,OOS
2024-10-25,10:05,13:40,LONG,20669.25,20490.75,20491.0,20491.0,20617.56,20364.44,253.12,20,-7152.4,160203.54,STOP,OOS
2024-10-29,13:20,15:25,LONG,20678.25,20741.75,20511.0,20511.0,20632.52,20389.48,243.04,20,2527.6,162731.14,EOD,OOS
2024-10-31,10:15,15:25,SHORT,20186.75,20081.0,20365.75,20365.75,20488.99,20242.51,246.48,20,4217.6,166948.74,EOD,OOS
2024-11-01,10:30,15:25,LONG,20261.0,20156.75,20068.5,20068.5,20204.13,19932.87,271.27,15,-3136.8,163811.94,EOD,OOS
2024-11-05,10:05,15:25,LONG,20289.75,20330.5,20152.25,20152.25,20282.6,20021.9,260.7,15,1213.2,165025.14,EOD,OOS
2024-11-06,12:50,15:25,LONG,20818.5,20903.0,20684.75,20684.75,20819.13,20550.37,268.77,14,2357.32,167382.46,EOD,OOS
2024-11-07,11:55,15:25,LONG,21194.25,21231.0,21006.25,21006.25,21153.67,20858.83,294.84,11,801.68,168184.14,EOD,OOS
2024-11-11,13:10,15:25,SHORT,21129.5,21192.75,21282.75,21282.75,21433.3,21132.2,301.11,17,-2161.04,166023.1,EOD,OOS
2024-11-15,10:30,15:25,SHORT,20595.0,20480.5,20758.5,20758.5,20894.56,20622.44,272.12,20,4567.6,170590.7,EOD,OOS
2024-11-19,11:20,15:25,LONG,20671.75,20751.5,20522.0,20522.0,20671.66,20372.34,299.32,18,2859.84,173450.54,EOD,OOS
2024-11-20,10:20,15:25,SHORT,20522.25,20655.25,20753.0,20753.0,20906.23,20599.77,306.46,17,-4532.54,168918.0,EOD,OOS
2024-11-21,10:10,15:20,SHORT,20682.75,20863.75,20875.25,20875.25,21019.9,20730.6,289.3,16,-5801.92,163116.08,STOP,OOS
2024-11-25,12:25,15:25,SHORT,20820.0,20858.0,21016.0,21016.0,21162.91,20869.09,293.82,20,-1532.4,161583.68,EOD,OOS
2024-11-27,10:40,15:25,SHORT,20779.5,20799.5,20936.25,20936.25,21067.67,20804.83,262.84,20,-812.4,160771.28,EOD,OOS
2024-12-02,10:05,15:25,LONG,21166.5,21235.75,21042.75,21042.75,21172.54,20912.96,259.59,20,2757.6,163528.88,EOD,OOS
2024-12-06,10:20,15:25,LONG,21625.25,21648.25,21491.0,21491.0,21630.38,21351.62,278.77,18,816.84,164345.72,EOD,OOS
2024-12-09,14:50,15:25,SHORT,21461.25,21446.0,21615.0,21615.0,21754.05,21475.95,278.11,20,597.6,164943.32,EOD,OOS
2024-12-10,14:50,15:25,SHORT,21406.25,21371.75,21532.75,21532.75,21658.15,21407.35,250.8,20,1367.6,166310.92,EOD,OOS
2024-12-11,10:35,15:25,LONG,21723.0,21815.5,21590.25,21590.25,21716.41,21464.09,252.32,20,3687.6,169998.52,EOD,OOS
2024-12-16,11:25,15:25,LONG,22036.25,22145.25,21899.5,21899.5,22021.29,21777.71,243.59,19,4130.22,174128.74,EOD,OOS
2024-12-18,14:20,15:25,SHORT,21868.25,21440.75,21980.75,21980.75,22104.84,21856.66,248.18,20,17087.6,191216.34,EOD,OOS
2024-12-19,10:35,15:25,SHORT,21232.5,21222.5,21401.5,21401.5,21552.45,21250.55,301.89,12,232.56,191448.9,EOD,OOS
2024-12-27,10:05,15:25,SHORT,21615.75,21649.75,21845.75,21845.75,22011.01,21680.49,330.52,10,-686.2,190762.7,EOD,OOS
2025-01-02,12:50,15:25,SHORT,21044.75,21156.5,21348.0,21348.0,21533.96,21162.04,371.93,13,-2913.56,187849.14,EOD,OOS
2025-01-03,13:45,15:25,LONG,21523.75,21522.25,21293.75,21293.75,21489.23,21098.27,390.96,12,-43.44,187805.7,EOD,OOS
2025-01-07,10:20,15:25,SHORT,21603.0,21327.0,21791.75,21791.75,21998.06,21585.44,412.62,16,8822.08,196627.78,EOD,OOS
2025-01-10,10:10,15:25,SHORT,20905.75,21011.5,21193.25,21193.25,21407.2,20979.3,427.89,17,-3606.04,193021.74,EOD,OOS
2025-01-14,12:05,15:25,SHORT,20850.25,20835.0,21071.25,21071.25,21291.63,20850.87,440.77,20,597.6,193619.34,EOD,OOS
2025-01-24,14:10,15:25,SHORT,21856.25,21864.75,22044.25,22044.25,22219.88,21868.62,351.27,20,-352.4,193266.94,EOD,OOS
2025-01-27,10:00,14:45,LONG,21277.25,21123.5,21123.75,21123.75,21293.85,20953.65,340.2,20,-6162.4,187104.54,STOP,OOS
2025-01-28,12:25,15:25,LONG,21549.75,21616.5,21302.5,21302.5,21487.71,21117.29,370.41,14,1860.32,188964.86,EOD,OOS
2025-01-29,13:05,15:25,SHORT,21458.5,21584.25,21599.75,21599.75,21782.76,21416.74,366.02,13,-3277.56,185687.3,EOD,OOS
2025-01-31,11:05,13:30,LONG,21947.25,21774.0,21774.25,21774.25,21950.72,21597.78,352.95,14,-4859.68,180827.62,STOP,OOS
2025-01-31,15:05,15:25,SHORT,21572.25,21558.25,21774.25,21774.25,21950.72,21597.78,352.95,14,383.32,181210.94,EOD,OOS
2025-02-03,10:50,15:25,LONG,21402.0,21457.75,21215.5,21215.5,21396.08,21034.92,361.16,13,1441.44,182652.38,EOD,OOS
2025-02-04,10:20,15:25,LONG,21643.0,21629.25,21421.75,21421.75,21606.29,21237.21,369.09,20,-562.4,182089.98,EOD,OOS
2025-02-05,12:10,15:25,LONG,21728.25,21743.75,21550.5,21550.5,21726.5,21374.5,352.0,20,607.6,182697.58,EOD,OOS
2025-02-07,11:05,15:25,SHORT,21716.25,21575.5,21885.5,21885.5,22052.94,21718.06,334.88,20,5617.6,188315.18,EOD,OOS
2025-02-12,12:00,15:25,LONG,21779.25,21815.25,21550.5,21550.5,21720.99,21380.01,340.98,20,1427.6,189742.78,EOD,OOS
2025-02-13,14:55,15:25,LONG,22058.0,22084.25,21869.25,21869.25,22044.21,21694.29,349.93,20,1037.6,190780.38,EOD,OOS
2025-02-18,14:20,15:25,SHORT,22155.0,22170.25,22257.75,22257.75,22397.23,22118.27,278.96,20,-622.4,190157.98,EOD,OOS
2025-02-20,10:10,15:25,SHORT,22031.75,22102.0,22210.0,22210.0,22341.58,22078.42,263.16,20,-2822.4,187335.58,EOD,OOS
2025-02-21,10:35,15:25,SHORT,22002.75,21702.0,22186.5,22186.5,22313.31,22059.69,253.62,20,12017.6,199353.18,EOD,OOS
2025-02-24,10:05,15:25,SHORT,21502.0,21522.5,21753.0,21753.0,21881.92,21624.08,257.84,20,-832.4,198520.78,EOD,OOS
2025-02-25,10:05,15:25,SHORT,21200.25,21227.25,21391.25,21391.25,21523.87,21258.63,265.23,20,-1092.4,197428.38,EOD,OOS
2025-02-26,11:20,13:00,LONG,21376.25,21238.25,21238.5,21238.5,21376.94,21100.06,276.88,20,-5532.4,191895.98,STOP,OOS
2025-02-26,14:10,15:25,SHORT,21095.75,21148.5,21238.5,21238.5,21376.94,21100.06,276.88,20,-2122.4,189773.58,EOD,OOS
2025-02-27,10:05,15:25,SHORT,20980.5,20689.0,21340.5,21340.5,21485.18,21195.82,289.36,20,11647.6,201421.18,EOD,OOS
2025-03-03,10:10,15:25,SHORT,20830.5,20381.5,21055.75,21055.75,21219.97,20891.53,328.45,15,13460.7,214881.88,EOD,OOS
2025-03-04,10:20,12:20,SHORT,20121.75,20342.75,20342.5,20342.5,20529.3,20155.7,373.61,15,-6639.3,208242.58,STOP,OOS
2025-03-04,14:10,15:25,LONG,20550.25,20671.25,20342.5,20342.5,20529.3,20155.7,373.61,15,3620.7,211863.28,EOD,OOS
2025-03-05,14:25,15:25,LONG,20639.5,20689.75,20421.25,20421.25,20620.7,20221.8,398.89,15,1498.2,213361.48,EOD,OOS
2025-03-06,12:50,15:25,SHORT,20128.0,20105.75,20311.0,20311.0,20517.18,20104.82,412.36,14,614.32,213975.8,EOD,OOS
2025-03-07,11:55,12:45,SHORT,19830.5,20001.5,20037.25,20037.25,20261.97,19812.53,449.45,14,-4796.68,209179.12,STOP,OOS
2025-03-10,10:35,15:25,SHORT,19655.5,19434.25,19881.75,19881.75,20122.92,19640.58,482.34,15,6628.2,215807.32,EOD,OOS
2025-03-13,12:50,15:25,SHORT,19274.0,19261.5,19573.75,19573.75,19857.09,19290.41,566.68,12,292.56,216099.88,EOD,OOS
2025-03-20,10:50,15:25,LONG,19859.5,19633.25,19583.5,19583.5,19854.4,19312.6,541.8,15,-6796.8,209303.08,EOD,OOS
2025-03-26,12:05,15:25,SHORT,20187.25,20065.25,20439.25,20439.25,20683.81,20194.69,489.12,14,3407.32,212710.4,EOD,OOS
2025-03-28,10:35,15:25,SHORT,19634.75,19459.25,19911.0,19911.0,20139.22,19682.78,456.45,13,4554.94,217265.34,EOD,OOS
2025-04-01,11:50,15:25,LONG,19570.25,19475.25,19380.5,19380.5,19594.89,19166.11,428.79,20,-3812.4,213452.94,EOD,OOS
2025-04-02,09:50,15:25,LONG,19531.0,19693.5,19328.0,19328.0,19538.66,19117.34,421.32,19,6163.22,219616.16,EOD,OOS
2025-04-04,10:35,15:25,SHORT,17895.25,17745.25,18153.0,18153.0,18393.2,17912.8,480.39,10,2993.8,222609.96,EOD,OOS
2025-04-07,10:20,15:25,LONG,17460.25,17434.0,16928.0,16928.0,17192.03,16663.97,528.05,8,-424.96,222185.0,EOD,OOS
2025-04-08,12:45,15:25,SHORT,17781.25,17270.0,18149.0,18149.0,18461.46,17836.54,624.91,8,8175.04,230360.04,EOD,OOS
2025-04-09,13:05,15:25,LONG,17569.75,19149.0,17207.75,17207.75,17554.27,16861.23,693.04,9,28420.92,258780.96,EOD,OOS
2025-04-10,11:50,15:25,SHORT,18390.75,18386.25,18791.0,18791.0,19200.29,18381.71,818.59,5,41.9,258822.86,EOD,OOS
2025-05-13,11:05,15:25,LONG,21243.5,21320.75,21004.25,21004.25,21223.64,20784.86,438.79,17,2615.96,261438.82,EOD,OOS
2025-05-15,13:05,15:25,LONG,21495.5,21320.5,21302.75,21302.75,21493.93,21111.57,382.36,20,-7012.4,254426.42,EOD,OOS
2025-05-19,10:10,15:25,LONG,21420.75,21458.25,21202.25,21202.25,21385.91,21018.59,367.32,20,1487.6,255914.02,EOD,OOS
2025-05-21,11:15,13:20,LONG,21512.25,21278.75,21279.0,21279.0,21450.77,21107.23,343.54,20,-9352.4,246561.62,STOP,OOS
2025-05-23,13:30,15:25,LONG,21039.0,21014.0,20849.5,20849.5,21015.14,20683.86,331.29,20,-1012.4,245549.22,EOD,OOS
2025-05-27,12:55,15:25,LONG,21430.75,21436.25,21259.5,21259.5,21430.79,21088.21,342.57,20,207.6,245756.82,EOD,OOS
2025-05-29,09:50,15:25,SHORT,21546.0,21371.0,21674.25,21674.25,21836.49,21512.01,324.48,20,6987.6,252744.42,EOD,OOS
2025-05-30,12:35,15:25,SHORT,21148.5,21387.5,21382.75,21382.75,21550.56,21214.94,335.62,20,-9572.4,243172.02,EOD,OOS
2025-06-02,13:10,15:25,LONG,21451.0,21531.25,21288.0,21288.0,21439.53,21136.47,303.05,20,3197.6,246369.62,EOD,OOS
2025-06-03,12:20,15:25,LONG,21703.0,21712.75,21546.25,21546.25,21694.63,21397.87,296.77,20,377.6,246747.22,EOD,OOS
2025-06-11,14:05,15:25,SHORT,21888.0,21850.5,22017.0,22017.0,22159.98,21874.02,285.96,20,1487.6,248234.82,EOD,OOS
2025-06-13,11:55,14:25,LONG,21833.75,21679.75,21680.0,21680.0,21817.69,21542.31,275.38,20,-6172.4,242062.42,STOP,OOS
2025-06-16,10:05,15:25,LONG,21923.75,21940.25,21793.5,21793.5,21931.42,21655.58,275.84,20,647.6,242710.02,EOD,OOS
2025-06-23,13:40,15:25,LONG,22059.0,22055.25,21869.25,21869.25,22002.21,21736.29,265.93,20,-162.4,242547.62,EOD,OOS
2025-06-24,15:10,15:25,LONG,22434.0,22421.25,22286.0,22286.0,22428.68,22143.32,285.36,19,-496.28,242051.34,EOD,OOS
2025-07-01,11:20,15:25,SHORT,22667.75,22726.0,22803.0,22803.0,22941.79,22664.21,277.59,20,-2342.4,239708.94,EOD,OOS
2025-07-02,10:35,15:25,LONG,22800.5,22824.0,22654.25,22654.25,22794.57,22513.93,280.64,20,927.6,240636.54,EOD,OOS
2025-07-03,11:50,13:10,LONG,23088.25,23058.75,22932.0,22932.0,23069.88,22794.12,275.75,20,-1192.4,239444.14,EOD,OOS
2025-07-07,14:35,15:25,SHORT,22822.0,22847.25,22943.25,22943.25,23078.66,22807.84,270.82,20,-1022.4,238421.74,EOD,OOS
2025-07-10,10:05,15:25,SHORT,22930.0,23029.0,23072.25,23072.25,23197.56,22946.94,250.62,20,-3972.4,234449.34,EOD,OOS
2025-08-04,10:05,15:25,LONG,23229.75,23266.25,23094.25,23094.25,23211.71,22976.79,234.91,20,1447.6,235896.94,EOD,OOS
2025-08-05,10:50,15:25,SHORT,23156.5,23171.25,23348.75,23348.75,23474.74,23222.76,251.98,20,-602.4,235294.54,EOD,OOS
2025-08-06,11:35,15:25,LONG,23318.5,23430.25,23168.75,23168.75,23295.44,23042.06,253.38,19,4234.72,239529.26,EOD,OOS
2025-08-07,12:50,15:25,SHORT,23477.0,23395.5,23601.0,23601.0,23731.11,23470.89,260.21,18,2922.84,242452.1,EOD,OOS
2025-08-08,10:35,15:25,LONG,23691.5,23707.0,23541.75,23541.75,23679.04,23404.46,274.59,19,577.22,243029.32,EOD,OOS
2025-08-12,12:35,15:25,LONG,23880.25,23923.0,23733.0,23733.0,23870.19,23595.81,274.38,20,1697.6,244726.92,EOD,OOS
2025-08-19,10:50,15:25,SHORT,23588.0,23459.5,23762.5,23762.5,23905.97,23619.03,286.95,20,5127.6,249854.52,EOD,OOS
2025-08-20,09:55,15:25,SHORT,23173.5,23320.0,23425.75,23425.75,23574.11,23277.39,296.71,20,-5872.4,243982.12,EOD,OOS
2025-08-22,10:20,15:25,LONG,23540.0,23575.0,23264.75,23264.75,23400.66,23128.84,271.82,20,1387.6,245369.72,EOD,OOS
2025-08-28,13:55,15:25,LONG,23766.5,23777.5,23640.5,23640.5,23761.93,23519.07,242.86,20,427.6,245797.32,EOD,OOS
2025-08-29,10:15,15:25,SHORT,23463.5,23463.75,23652.0,23652.0,23773.74,23530.26,243.48,20,-22.4,245774.92,EOD,OOS
2025-09-02,10:05,11:20,LONG,23211.75,23111.25,23100.25,23100.25,23217.84,22982.66,235.18,20,-4032.4,241742.52,STOP,OOS
2025-09-02,13:50,15:25,LONG,23195.75,23233.5,23100.25,23100.25,23217.84,22982.66,235.18,20,1497.6,243240.12,EOD,OOS
2025-09-04,14:40,15:25,LONG,23606.75,23628.5,23480.25,23480.25,23611.38,23349.12,262.27,20,857.6,244097.72,EOD,OOS
2025-09-05,10:50,15:25,SHORT,23633.0,23683.25,23874.5,23874.5,24008.62,23740.38,268.25,20,-2022.4,242075.32,EOD,OOS
2025-09-10,14:20,15:25,SHORT,23862.5,23810.25,23998.5,23998.5,24127.05,23869.95,257.11,20,2077.6,244152.92,EOD,OOS
2025-09-23,13:55,15:25,SHORT,24834.75,24802.75,25001.0,25001.0,25137.37,24864.63,272.73,20,1267.6,245420.52,EOD,OOS
2025-09-24,12:10,15:25,SHORT,24650.75,24723.5,24885.0,24885.0,25012.54,24757.46,255.07,20,-2922.4,242498.12,EOD,OOS
2025-10-01,10:35,15:25,LONG,24896.0,25023.5,24763.5,24763.5,24890.02,24636.98,253.04,20,5087.6,247585.72,EOD,OOS
2025-10-02,09:50,15:25,SHORT,25049.25,25121.5,25164.75,25164.75,25294.67,25034.83,259.84,20,-2902.4,244683.32,EOD,OOS
2025-10-03,13:55,15:25,SHORT,24973.5,25004.5,25133.5,25133.5,25263.43,25003.57,259.86,20,-1252.4,243430.92,EOD,OOS
2025-10-07,11:20,15:25,SHORT,25104.75,25033.75,25237.25,25237.25,25372.21,25102.29,269.93,20,2827.6,246258.52,EOD,OOS
2025-10-08,11:40,15:25,LONG,25238.0,25311.5,25080.25,25080.25,25221.71,24938.79,282.93,20,2927.6,249186.12,EOD,OOS
2025-10-09,13:35,15:25,SHORT,25201.0,25265.25,25329.0,25329.0,25470.25,25187.75,282.5,20,-2582.4,246603.72,EOD,OOS
2025-10-10,11:50,15:25,SHORT,24866.0,24531.25,25313.25,25313.25,25448.66,25177.84,270.82,20,13377.6,259981.32,EOD,OOS
2025-10-14,09:50,10:20,SHORT,24545.0,24638.75,24638.5,24638.5,24801.22,24475.78,325.45,15,-2821.8,257159.52,STOP,OOS
2025-10-14,11:55,15:25,LONG,24805.5,24901.25,24638.5,24638.5,24801.22,24475.78,325.45,15,2863.2,260022.72,EOD,OOS
2025-10-15,13:20,15:25,SHORT,24763.75,24944.0,25002.25,25002.25,25174.0,24830.5,343.5,15,-5416.8,254605.92,EOD,OOS
2025-10-16,12:35,15:25,SHORT,24781.0,24736.0,25045.25,25045.25,25221.88,24868.62,353.27,15,1340.7,255946.62,EOD,OOS
2025-10-17,12:40,15:25,LONG,24918.0,25025.25,24735.5,24735.5,24923.53,24547.47,376.05,15,3208.2,259154.82,EOD,OOS
2025-10-20,11:30,15:25,LONG,25319.0,25321.5,25118.75,25118.75,25311.51,24925.99,385.52,20,87.6,259242.42,EOD,OOS
2025-10-22,11:35,15:25,SHORT,25038.25,25009.25,25265.25,25265.25,25458.32,25072.18,386.14,20,1147.6,260390.02,EOD,OOS
2025-10-23,13:00,15:25,LONG,25238.25,25274.5,25016.25,25016.25,25220.42,24812.08,408.34,20,1437.6,261827.62,EOD,OOS
2025-10-31,12:20,15:25,SHORT,25995.0,26086.0,26199.25,26199.25,26395.55,26002.95,392.61,20,-3652.4,258175.22,EOD,OOS
2025-11-03,10:35,15:25,SHORT,26074.0,26099.75,26235.75,26235.75,26423.68,26047.82,375.86,20,-1042.4,257132.82,EOD,OOS
2025-11-05,11:35,15:25,LONG,25741.0,25833.5,25542.25,25542.25,25725.18,25359.32,365.86,20,3687.6,260820.42,EOD,OOS
2025-11-06,10:05,15:25,SHORT,25440.75,25354.75,25673.75,25673.75,25851.47,25496.03,355.45,20,3427.6,264248.02,EOD,OOS
2025-11-07,11:00,14:55,SHORT,24844.25,25110.5,25110.25,25110.25,25293.76,24926.74,367.02,20,-10662.4,253585.62,STOP,OOS
2025-11-12,09:50,15:25,SHORT,25593.25,25603.0,25778.5,25778.5,25975.71,25581.29,394.41,20,-402.4,253183.22,EOD,OOS
2025-11-13,10:55,15:25,SHORT,25257.75,25072.5,25477.25,25477.25,25674.54,25279.96,394.57,20,7397.6,260580.82,EOD,OOS
2025-11-14,10:20,15:25,LONG,24930.25,25140.25,24722.75,24722.75,24931.01,24514.49,416.52,20,8387.6,268968.42,EOD,OOS
2025-11-17,09:55,11:10,LONG,25200.0,24997.5,24997.75,24997.75,25212.97,24782.53,430.45,20,-8112.4,260856.02,STOP,OOS
2025-11-17,15:05,15:25,SHORT,24763.25,24789.0,24997.75,24997.75,25212.97,24782.53,430.45,20,-1042.4,259813.62,EOD,OOS
2025-11-18,10:05,12:40,SHORT,24542.75,24718.5,24718.25,24718.25,24942.46,24494.04,448.43,20,-7042.4,252771.22,STOP,OOS
2025-11-19,10:05,12:05,LONG,24922.5,24626.75,24610.75,24610.75,24843.14,24378.36,464.79,20,-11842.4,240928.82,STOP,OOS
2025-11-20,11:45,15:25,SHORT,24746.75,24292.75,25211.25,25211.25,25446.07,24976.43,469.64,20,18147.6,259076.42,EOD,OOS
2025-11-21,13:50,15:25,LONG,24474.25,24388.5,24202.75,24202.75,24469.1,23936.4,532.7,20,-3442.4,255634.02,EOD,OOS
2025-11-24,10:50,15:25,LONG,24787.5,24935.75,24522.25,24522.25,24802.75,24241.75,561.0,20,5917.6,261551.62,EOD,OOS
2025-12-10,15:15,15:25,LONG,25845.5,25836.5,25647.25,25647.25,25839.21,25455.29,383.91,20,-372.4,261179.22,EOD,OOS
2025-12-11,10:05,12:45,SHORT,25537.5,25619.5,25643.0,25643.0,25803.92,25482.08,321.84,20,-3292.4,257886.82,STOP,OOS
2025-12-12,10:35,15:25,SHORT,25363.25,25210.0,25559.75,25559.75,25711.41,25408.09,303.32,20,6117.6,264004.42,EOD,OOS
2025-12-15,10:05,15:25,SHORT,25191.0,25120.75,25408.0,25408.0,25556.71,25259.29,297.43,20,2797.6,266802.02,EOD,OOS
2025-12-17,11:00,15:25,SHORT,24857.75,24727.25,25181.25,25181.25,25323.59,25038.91,284.68,20,5207.6,272009.62,EOD,OOS
2026-01-02,11:05,15:25,SHORT,25363.5,25432.5,25686.75,25686.75,25859.47,25514.03,345.45,20,-2772.4,269237.22,EOD,HOLDOUT
2026-01-06,14:35,15:25,LONG,25811.25,25809.75,25636.0,25636.0,25812.63,25459.37,353.27,20,-72.4,269164.82,EOD,HOLDOUT
2026-01-07,12:10,15:25,LONG,25975.75,25860.0,25790.5,25790.5,25954.77,25626.23,328.54,20,-4642.4,264522.42,EOD,HOLDOUT
2026-01-08,10:05,15:25,SHORT,25678.25,25676.25,25786.25,25786.25,25945.22,25627.28,317.95,20,67.6,264590.02,EOD,HOLDOUT
2026-01-09,11:20,15:25,LONG,25881.5,25967.25,25714.5,25714.5,25873.09,25555.91,317.18,20,3417.6,268007.62,EOD,HOLDOUT
2026-01-12,10:30,15:25,LONG,25891.75,25990.75,25745.75,25745.75,25898.03,25593.47,304.55,20,3947.6,271955.22,EOD,HOLDOUT
2026-01-15,14:35,15:25,SHORT,25790.25,25719.0,25925.0,25925.0,26059.91,25790.09,269.82,20,2837.6,274792.82,EOD,HOLDOUT
2026-01-16,10:20,15:25,SHORT,25727.0,25711.75,25868.25,25868.25,26010.55,25725.95,284.61,20,597.6,275390.42,EOD,HOLDOUT
2026-01-21,10:55,12:10,LONG,25470.0,25196.25,25196.5,25196.5,25361.48,25031.52,329.96,20,-10962.4,264428.02,STOP,HOLDOUT
2026-01-21,14:50,15:25,LONG,25605.25,25486.25,25196.5,25196.5,25361.48,25031.52,329.96,20,-4772.4,259655.62,EOD,HOLDOUT
2026-01-23,11:05,15:25,LONG,25826.75,25710.0,25607.0,25607.0,25771.96,25442.04,329.93,20,-4682.4,254973.22,EOD,HOLDOUT
2026-01-26,12:05,15:25,LONG,25914.75,25880.5,25748.5,25748.5,25912.04,25584.96,327.09,20,-1382.4,253590.82,EOD,HOLDOUT
2026-01-29,10:15,15:25,SHORT,25759.0,25853.5,26133.25,26133.25,26296.24,25970.26,325.98,20,-3792.4,249798.42,EOD,HOLDOUT
2026-02-02,09:55,15:25,LONG,25753.0,25864.5,25542.25,25542.25,25720.16,25364.34,355.82,20,4447.6,254246.02,EOD,HOLDOUT
2026-02-03,10:15,15:25,SHORT,25574.75,25330.75,25934.5,25934.5,26118.45,25750.55,367.89,20,9747.6,263993.62,EOD,HOLDOUT
2026-02-04,10:05,15:25,SHORT,25239.5,25059.25,25385.0,25385.0,25577.94,25192.06,385.88,20,7197.6,271191.22,EOD,HOLDOUT
2026-02-06,11:25,15:25,LONG,25006.5,25110.5,24760.0,24760.0,24970.93,24549.07,421.86,20,4147.6,275338.82,EOD,HOLDOUT
2026-02-09,11:05,15:25,LONG,25317.0,25363.75,25057.75,25057.75,25273.46,24842.04,431.41,20,1857.6,277196.42,EOD,HOLDOUT
2026-02-11,10:25,15:25,SHORT,25076.5,25285.25,25418.5,25418.5,25629.46,25207.54,421.93,20,-8362.4,268834.02,EOD,HOLDOUT
2026-02-12,11:30,15:25,SHORT,24845.75,24805.0,25346.75,25346.75,25562.96,25130.54,432.41,20,1617.6,270451.62,EOD,HOLDOUT
2026-02-13,12:40,15:25,LONG,24965.75,24765.0,24742.75,24742.75,24972.86,24512.64,460.21,20,-8042.4,262409.22,EOD,HOLDOUT
2026-02-18,10:20,15:25,LONG,25049.0,24875.75,24808.75,24808.75,25048.19,24569.31,478.88,20,-6942.4,255466.82,EOD,HOLDOUT
2026-02-20,10:10,15:25,LONG,24927.5,25021.0,24715.25,24715.25,24937.74,24492.76,444.98,20,3727.6,259194.42,EOD,HOLDOUT
2026-02-23,11:15,15:25,SHORT,24721.0,24706.75,24981.25,24981.25,25205.67,24756.83,448.84,20,557.6,259752.02,EOD,HOLDOUT
2026-02-24,11:05,15:25,LONG,25014.25,24999.0,24804.75,24804.75,25017.46,24592.04,425.41,20,-622.4,259129.62,EOD,HOLDOUT
2026-02-25,14:10,15:25,LONG,25366.0,25366.5,25160.25,25160.25,25363.15,24957.35,405.8,20,7.6,259137.22,EOD,HOLDOUT
2026-02-26,10:25,15:25,SHORT,24933.25,25029.5,25341.25,25341.25,25540.79,25141.71,399.09,20,-3862.4,255274.82,EOD,HOLDOUT
2026-03-02,09:50,15:25,LONG,24842.25,24967.0,24644.5,24644.5,24835.8,24453.2,382.61,20,4977.6,260252.42,EOD,HOLDOUT
2026-03-03,13:40,15:25,LONG,24802.5,24782.25,24534.75,24534.75,24734.81,24334.69,400.12,20,-822.4,259430.02,EOD,HOLDOUT
2026-03-04,10:35,15:25,LONG,25082.5,25150.75,24852.75,24852.75,25062.24,24643.26,418.98,20,2717.6,262147.62,EOD,HOLDOUT
2026-03-06,11:05,15:25,LONG,24849.75,24653.0,24685.25,24685.25,24887.79,24482.71,405.09,20,-7882.4,254265.22,EOD,HOLDOUT
2026-03-09,12:45,15:25,LONG,24736.0,24952.75,24432.5,24432.5,24646.15,24218.85,427.3,20,8657.6,262922.82,EOD,HOLDOUT
2026-03-13,13:05,15:25,SHORT,24428.0,24377.0,24645.5,24645.5,24870.62,24420.38,450.23,20,2027.6,264950.42,EOD,HOLDOUT
2026-03-19,15:20,15:25,LONG,24402.75,24381.25,24214.0,24214.0,24431.46,23996.54,434.91,20,-872.4,264078.02,EOD,HOLDOUT
2026-03-26,14:00,15:25,SHORT,23879.75,23843.0,24156.0,24156.0,24351.6,23960.4,391.2,20,1457.6,265535.62,EOD,HOLDOUT
2026-03-27,13:30,15:25,SHORT,23401.75,23330.75,23654.0,23654.0,23855.42,23452.58,402.84,20,2827.6,268363.22,EOD,HOLDOUT
2026-03-30,12:35,15:25,SHORT,23308.25,23037.25,23509.0,23509.0,23713.1,23304.9,408.2,20,10827.6,279190.82,EOD,HOLDOUT
2026-03-31,13:05,15:25,LONG,23774.75,23882.0,23381.0,23381.0,23576.96,23185.04,391.91,20,4277.6,283468.42,EOD,HOLDOUT
2026-04-01,12:10,15:25,LONG,24301.0,24233.25,24088.5,24088.5,24302.78,23874.22,428.55,15,-2041.8,281426.62,EOD,HOLDOUT
2026-04-02,10:40,15:25,LONG,24201.25,24146.5,23763.25,23763.25,23982.27,23544.23,438.04,15,-1651.8,279774.82,EOD,HOLDOUT
2026-04-07,11:10,13:35,SHORT,24005.25,24244.0,24243.75,24243.75,24460.8,24026.7,434.11,20,-9562.4,270212.42,STOP,HOLDOUT
2026-04-08,15:05,15:25,SHORT,24977.5,24958.25,25199.25,25199.25,25417.04,24981.46,435.57,20,757.6,270970.02,EOD,HOLDOUT
2026-04-14,12:05,15:25,LONG,25889.75,25987.75,25656.25,25656.25,25888.9,25423.6,465.3,20,3907.6,274877.62,EOD,HOLDOUT
2026-04-15,14:40,15:25,LONG,26272.0,26336.0,26023.0,26023.0,26262.82,25783.18,479.64,20,2547.6,277425.22,EOD,HOLDOUT
2026-04-23,13:50,15:25,SHORT,26833.5,26915.5,27015.0,27015.0,27215.88,26814.12,401.77,20,-3292.4,274132.82,EOD,HOLDOUT
2026-04-24,12:35,15:25,LONG,27415.5,27423.0,27210.25,27210.25,27407.07,27013.43,393.64,20,287.6,274420.42,EOD,HOLDOUT
2026-04-30,10:10,13:35,SHORT,27252.25,27486.75,27486.5,27486.5,27663.96,27309.04,354.93,20,-9392.4,265028.02,STOP,HOLDOUT
2026-05-01,10:05,15:25,LONG,27879.0,27895.5,27632.5,27632.5,27820.32,27444.68,375.64,20,647.6,265675.62,EOD,HOLDOUT
2026-05-05,14:05,15:25,LONG,28171.25,28165.75,27988.0,27988.0,28169.07,27806.93,362.14,20,-232.4,265443.22,EOD,HOLDOUT
2026-05-06,11:20,15:25,LONG,28573.25,28694.0,28389.25,28389.25,28570.85,28207.65,363.2,20,4817.6,270260.82,EOD,HOLDOUT
2026-05-08,10:05,15:25,LONG,29109.0,29262.25,28878.0,28878.0,29070.18,28685.82,384.36,20,6117.6,276378.42,EOD,HOLDOUT
2026-05-12,11:05,15:25,SHORT,29019.0,29047.5,29212.75,29212.75,29415.57,29009.93,405.64,20,-1152.4,275226.02,EOD,HOLDOUT
2026-05-13,14:25,15:25,LONG,29550.5,29525.75,29286.5,29286.5,29497.78,29075.22,422.55,20,-1002.4,274223.62,EOD,HOLDOUT
2026-05-14,10:50,15:25,LONG,29699.5,29699.0,29476.25,29476.25,29688.03,29264.47,423.55,20,-32.4,274191.22,EOD,HOLDOUT
2026-05-18,10:35,15:25,SHORT,29059.25,28923.25,29338.5,29338.5,29558.71,29118.29,440.41,20,5427.6,279618.82,EOD,HOLDOUT
2026-05-19,13:25,15:25,LONG,29082.5,28977.0,28850.25,28850.25,29074.18,28626.32,447.86,20,-4232.4,275386.42,EOD,HOLDOUT
2026-05-20,11:20,15:25,LONG,29315.0,29340.5,29073.5,29073.5,29306.33,28840.67,465.66,20,1007.6,276394.02,EOD,HOLDOUT
2026-05-21,13:55,15:25,LONG,29497.0,29427.5,29217.0,29217.0,29450.21,28983.79,466.43,20,-2792.4,273601.62,EOD,HOLDOUT
2026-05-27,10:35,15:25,SHORT,29998.0,30027.0,30187.5,30187.5,30413.46,29961.54,451.93,20,-1172.4,272429.22,EOD,HOLDOUT
2026-05-28,11:40,15:25,LONG,30261.75,30305.75,30053.75,30053.75,30277.03,29830.47,446.55,20,1747.6,274176.82,EOD,HOLDOUT
2026-06-01,13:55,15:25,LONG,30670.75,30624.5,30343.0,30343.0,30559.06,30126.94,432.12,20,-1862.4,272314.42,EOD,HOLDOUT
2026-06-03,09:50,15:25,SHORT,30572.25,30635.25,30754.75,30754.75,30953.53,30555.97,397.55,20,-2532.4,269782.02,EOD,HOLDOUT
2026-06-04,12:55,15:25,LONG,30479.0,30594.5,30268.75,30268.75,30466.9,30070.6,396.3,20,4607.6,274389.62,EOD,HOLDOUT
2026-06-05,10:05,15:25,SHORT,29851.75,29154.75,30036.0,30036.0,30230.1,29841.9,388.2,20,27867.6,302257.22,EOD,HOLDOUT
2026-06-09,10:20,15:25,SHORT,29503.75,28953.0,29737.25,29737.25,29975.36,29499.14,476.21,15,16513.2,318770.42,EOD,HOLDOUT
2026-06-10,09:50,11:05,LONG,29029.25,28852.75,28853.0,28853.0,29132.09,28573.91,558.18,17,-6011.54,312758.88,STOP,HOLDOUT
2026-06-11,13:35,15:25,LONG,29180.25,29423.75,28753.25,28753.25,29044.16,28462.34,581.82,17,8268.46,321027.34,EOD,HOLDOUT
2026-06-16,11:50,15:25,SHORT,30201.25,30128.0,30503.75,30503.75,30847.04,30160.46,686.59,17,2479.96,323507.3,EOD,HOLDOUT
2026-06-25,10:00,15:25,SHORT,29486.5,29683.0,30152.75,30152.75,30582.32,29723.18,859.14,17,-6691.54,316815.76,EOD,HOLDOUT
2026-06-30,12:20,15:25,LONG,30497.5,30575.25,30046.75,30046.75,30459.99,29633.51,826.48,18,2787.84,319603.6,EOD,HOLDOUT
2026-07-02,11:20,15:25,SHORT,29720.25,29423.0,30075.5,30075.5,30440.46,29710.54,729.91,20,11877.6,331481.2,EOD,HOLDOUT
2026-07-15,10:55,15:25,SHORT,29631.0,29643.0,29955.5,29955.5,30248.5,29662.5,586.0,20,-492.4,330988.8,EOD,HOLDOUT
2026-07-17,12:20,15:25,LONG,28868.25,28795.0,28606.75,28606.75,28890.24,28323.26,566.98,20,-2942.4,328046.4,EOD,HOLDOUT
2026-07-27,10:45,15:25,SHORT,28063.75,28243.5,28591.25,28591.25,28863.84,28318.66,545.18,20,-7202.4,320844.0,EOD,HOLDOUT
2026-07-28,10:20,11:20,SHORT,27677.0,27950.0,27949.75,27949.75,28220.08,27679.42,540.66,20,-10932.4,309911.6,STOP,HOLDOUT
2026-07-29,10:45,14:40,SHORT,27565.75,27915.25,27915.0,27915.0,28189.75,27640.25,549.5,20,-13992.4,295919.2,STOP,HOLDOUT
